date,cc,rate,trend_kind,y_trend,residual
2022-11-20,EUR,37.7681,quadratic,38.49171748804724,-0.7236174880472461
2022-11-21,EUR,37.8906,quadratic,38.496278520054396,-0.605678520054397
2022-11-22,EUR,37.4481,quadratic,38.500849402972555,-1.0527494029725588
2022-11-23,EUR,37.5541,quadratic,38.50543013680172,-0.9513301368017224
2022-11-24,EUR,37.7461,quadratic,38.5100207215419,-0.7639207215419006
2022-11-25,EUR,38.0716,quadratic,38.51462115719309,-0.443021157193094
2022-11-26,EUR,38.0716,quadratic,38.51923144375529,-0.4476314437552915
2022-11-27,EUR,38.0716,quadratic,38.5238515812285,-0.4522515812285022
2022-11-28,EUR,37.96,quadratic,38.528481569612715,-0.5684815696127146
2022-11-29,EUR,38.302,quadratic,38.533121408907945,-0.23112140890794564
2022-11-30,EUR,37.9344,quadratic,38.53777109911419,-0.6033710991141916
2022-12-01,EUR,37.9198,quadratic,38.54243064023143,-0.6226306402314279
2022-12-02,EUR,38.205,quadratic,38.54710003225969,-0.3421000322596939
2022-12-03,EUR,38.205,quadratic,38.55177927519896,-0.346779275198962
2022-12-04,EUR,38.205,quadratic,38.556468369049234,-0.3514683690492362
2022-12-05,EUR,38.5396,quadratic,38.56116731381052,-0.021567313810521682
2022-12-06,EUR,38.7353,quadratic,38.56587610948282,0.1694238905171801
2022-12-07,EUR,38.4866,quadratic,38.57059475606613,-0.08399475606612583
2022-12-08,EUR,38.5232,quadratic,38.57532325356045,-0.05212325356044545
2022-12-09,EUR,38.4629,quadratic,38.580061601965774,-0.11716160196577619
2022-12-10,EUR,38.4629,quadratic,38.58480980128211,-0.12190980128211493
2022-12-11,EUR,38.4629,quadratic,38.58956785150946,-0.1266678515094597
2022-12-12,EUR,38.6,quadratic,38.594335752647815,0.00566424735218618
2022-12-13,EUR,38.6,quadratic,38.599113504697186,0.000886495302815149
2022-12-14,EUR,38.578,quadratic,38.603901107657556,-0.02590110765755327
2022-12-15,EUR,38.9273,quadratic,38.608698561528946,0.31860143847105604
2022-12-16,EUR,38.8541,quadratic,38.61350586631134,0.2405941336886599
2022-12-17,EUR,38.8541,quadratic,38.618323022004745,0.23577697799525765
2022-12-18,EUR,38.8541,quadratic,38.62315002860917,0.23094997139083517
2022-12-19,EUR,38.8377,quadratic,38.62798688612459,0.20971311387540936
2022-12-20,EUR,38.7865,quadratic,38.63283359455102,0.15366640544897336
2022-12-21,EUR,38.8121,quadratic,38.63769015388847,0.17440984611153
2022-12-22,EUR,38.8706,quadratic,38.642556564136925,0.22804343586307851
2022-12-23,EUR,38.8962,quadratic,38.64743282529639,0.24876717470360887
2022-12-24,EUR,38.8962,quadratic,38.652318937366864,0.24388106263313603
2022-12-25,EUR,38.8962,quadratic,38.65721490034835,0.23898509965165005
2022-12-26,EUR,38.834,quadratic,38.66212071424085,0.1718792857591538
2022-12-27,EUR,38.8432,quadratic,38.667036379044355,0.17616362095564853
2022-12-28,EUR,38.8852,quadratic,38.671961894758866,0.21323810524113185
2022-12-29,EUR,38.9437,quadratic,38.67689726138439,0.26680273861560977
2022-12-30,EUR,38.951,quadratic,38.68184247892093,0.2691575210790731
2022-12-31,EUR,38.951,quadratic,38.68679754736847,0.26420245263152964
2023-01-01,EUR,38.951,quadratic,38.69176246672702,0.25923753327298016
2023-01-02,EUR,39.037,quadratic,38.69673723699659,0.34026276300340896
2023-01-03,EUR,39.0041,quadratic,38.70172185817716,0.3023781418228424
2023-01-04,EUR,38.5378,quadratic,38.70671633026875,-0.16891633026875041
2023-01-05,EUR,38.7901,quadratic,38.711720653271335,0.07837934672866709
2023-01-06,EUR,38.7773,quadratic,38.71673482718494,0.06056517281505336
2023-01-07,EUR,38.7773,quadratic,38.72175885200956,0.0555411479904393
2023-01-08,EUR,38.7773,quadratic,38.72679272774518,0.05050727225481921
2023-01-09,EUR,38.3733,quadratic,38.73183645439181,-0.35853645439181037
2023-01-10,EUR,39.0827,quadratic,38.73689003194945,0.34580996805055264
2023-01-11,EUR,39.1961,quadratic,38.7419534604181,0.4541465395818989
2023-01-12,EUR,39.2728,quadratic,38.74702673979777,0.5257732602022287
2023-01-13,EUR,39.357,quadratic,38.75210987008844,0.6048901299115599
2023-01-14,EUR,39.357,quadratic,38.757202851290124,0.5997971487098752
2023-01-15,EUR,39.357,quadratic,38.762305683402815,0.5946943165971845
2023-01-16,EUR,39.5361,quadratic,38.76741836642652,0.768681633573479
2023-01-17,EUR,39.5581,quadratic,38.77254090036123,0.7855590996387747
2023-01-18,EUR,39.6897,quadratic,38.77767328520695,0.9120267147930505
2023-01-19,EUR,39.5873,quadratic,38.78281552096368,0.8044844790363186
2023-01-20,EUR,39.5215,quadratic,38.78796760763142,0.7335323923685806
2023-01-21,EUR,39.5215,quadratic,38.79312954521017,0.7283704547898324
2023-01-22,EUR,39.5215,quadratic,38.79830133369993,0.7231986663000711
2023-01-23,EUR,39.5581,quadratic,38.80348297310071,0.7546170268992967
2023-01-24,EUR,39.7519,quadratic,38.80867446341249,0.9432255365875122
2023-01-25,EUR,39.7226,quadratic,38.81387580463527,0.9087241953647265
2023-01-26,EUR,39.7629,quadratic,38.81908699676908,0.9438130032309218
2023-01-27,EUR,39.8433,quadratic,38.824308039813886,1.0189919601861135
2023-01-28,EUR,39.8433,quadratic,38.829538933769705,1.0137610662302947
2023-01-29,EUR,39.8433,quadratic,38.83477967863654,1.0085203213634628
2023-01-30,EUR,39.7482,quadratic,38.840030274414374,0.9081697255856227
2023-01-31,EUR,39.8762,quadratic,38.845290721103225,1.0309092788967718
2023-02-01,EUR,39.5947,quadratic,38.85056101870309,0.7441389812969135
2023-02-02,EUR,39.8323,quadratic,38.85584116721396,0.9764588327860366
2023-02-03,EUR,40.1724,quadratic,38.861131166635836,1.311268833364167
2023-02-04,EUR,40.1724,quadratic,38.866431016968725,1.3059689830312777
2023-02-05,EUR,40.1724,quadratic,38.87174071821262,1.3006592817873823
2023-02-06,EUR,39.9859,quadratic,38.87706027036753,1.1088397296324715
2023-02-07,EUR,39.4045,quadratic,38.88238967343345,0.5221103265665477
2023-02-08,EUR,39.1485,quadratic,38.88772892741038,0.26077107258961973
2023-02-09,EUR,39.2564,quadratic,38.89307803229832,0.3633219677016797
2023-02-10,EUR,39.3826,quadratic,38.89843698809727,0.48416301190273003
2023-02-11,EUR,39.3826,quadratic,38.90380579480723,0.47879420519277005
2023-02-12,EUR,39.3826,quadratic,38.90918445242819,0.47341554757180404
2023-02-13,EUR,39.0644,quadratic,38.91457296096017,0.14982703903982753
2023-02-14,EUR,39.0973,quadratic,38.91997132040316,0.1773286795968403
2023-02-15,EUR,39.3405,quadratic,38.925379530757155,0.4151204692428436
2023-02-16,EUR,39.1229,quadratic,38.93079759202217,0.19210240797783484
2023-02-17,EUR,39.1046,quadratic,38.936225504198184,0.16837449580181385
2023-02-18,EUR,39.1046,quadratic,38.94166326728521,0.16293673271479037
2023-02-19,EUR,39.1046,quadratic,38.947110881283244,0.15748911871675375
2023-02-20,EUR,38.8377,quadratic,38.952568346192294,-0.11486834619229569
2023-02-21,EUR,39.0242,quadratic,38.95803566201235,0.06616433798765087
2023-02-22,EUR,38.984,quadratic,38.96351282874342,0.02048717125658328
2023-02-23,EUR,38.9328,quadratic,38.96899984638549,-0.03619984638549312
2023-02-24,EUR,38.8231,quadratic,38.97449671493858,-0.15139671493858486
2023-02-25,EUR,38.8231,quadratic,38.980003434402676,-0.15690343440267895
2023-02-26,EUR,38.8231,quadratic,38.98552000477778,-0.16242000477778618
2023-02-27,EUR,38.6402,quadratic,38.991046426063896,-0.35084642606389593
2023-02-28,EUR,38.611,quadratic,38.99658269826102,-0.3855826982610253
2023-03-01,EUR,38.8231,quadratic,39.002128821369155,-0.1790288213691582
2023-03-02,EUR,39.0754,quadratic,39.0076847953883,0.06771520461170155
2023-03-03,EUR,38.7847,quadratic,39.01325062031846,-0.2285506203184582
2023-03-04,EUR,38.7847,quadratic,39.018826296159624,-0.23412629615962288
2023-03-05,EUR,38.7847,quadratic,39.0244118229118,-0.2397118229118007
2023-03-06,EUR,38.8048,quadratic,39.030007200574985,-0.22520720057498522
2023-03-07,EUR,38.9126,quadratic,39.03561242914918,-0.12301242914918475
2023-03-08,EUR,39.0132,quadratic,39.041227508634385,-0.028027508634387743
2023-03-09,EUR,38.5671,quadratic,39.0468524390306,-0.47975243903059805
2023-03-10,EUR,38.6201,quadratic,39.052487220337824,-0.43238722033782295
2023-03-11,EUR,38.6201,quadratic,39.05813185255606,-0.43803185255605825
2023-03-12,EUR,38.6201,quadratic,39.0637863356853,-0.4436863356852996
2023-03-13,EUR,38.7426,quadratic,39.069450669725555,-0.32685066972555177
2023-03-14,EUR,39.1046,quadratic,39.075124854676815,0.029475145323182517
2023-03-15,EUR,39.2728,quadratic,39.080808890539096,0.1919911094609006
2023-03-16,EUR,38.6183,quadratic,39.086502777312376,-0.4682027773123778
2023-03-17,EUR,38.717,quadratic,39.09220651499667,-0.3752065149966697
2023-03-18,EUR,38.717,quadratic,39.097920103591974,-0.3809201035919756
2023-03-19,EUR,38.717,quadratic,39.103643543098286,-0.3866435430982875
2023-03-20,EUR,38.8523,quadratic,39.10937683351561,-0.2570768335156117
2023-03-21,EUR,39.1485,quadratic,39.11511997484394,0.03338002515605609
2023-03-22,EUR,39.4228,quadratic,39.12087296708329,0.30192703291671563
2023-03-23,EUR,39.4264,quadratic,39.12663581023364,0.2997641897663641
2023-03-24,EUR,39.7665,quadratic,39.132408504295,0.6340914957050003
2023-03-25,EUR,39.7665,quadratic,39.13819104926737,0.6283089507326309
2023-03-26,EUR,39.7665,quadratic,39.14398344515075,0.6225165548492484
2023-03-27,EUR,39.3076,quadratic,39.14978569194515,0.15781430805485286
2023-03-28,EUR,39.3899,quadratic,39.15559778965055,0.23430221034944765
2023-03-29,EUR,39.6111,quadratic,39.16141973826696,0.4496802617330431
2023-03-30,EUR,39.6989,quadratic,39.16725153779438,0.5316484622056237
2023-03-31,EUR,39.7812,quadratic,39.17309318823281,0.6081068117671862
2023-04-01,EUR,39.7812,quadratic,39.17894468958225,0.6022553104177462
2023-04-02,EUR,39.7812,quadratic,39.184806041842705,0.596393958157293
2023-04-03,EUR,39.7373,quadratic,39.190677245014164,0.5466227549858331
2023-04-04,EUR,39.761,quadratic,39.19655829909664,0.564441700903366
2023-04-05,EUR,39.8653,quadratic,39.202449204090115,0.6628507959098826
2023-04-06,EUR,40.0152,quadratic,39.20834995999461,0.8068500400053935
2023-04-07,EUR,39.9146,quadratic,39.214260566810104,0.700339433189896
2023-04-08,EUR,39.9146,quadratic,39.220181024536615,0.6944189754633854
2023-04-09,EUR,39.9146,quadratic,39.22611133317414,0.6884886668258616
2023-04-10,EUR,39.9146,quadratic,39.23205149272267,0.6825485072773319
2023-04-11,EUR,39.825,quadratic,39.23800150318221,0.5869984968177917
2023-04-12,EUR,39.8835,quadratic,39.24396136455276,0.6395386354472379
2023-04-13,EUR,39.9421,quadratic,39.249931076834315,0.6921689231656885
2023-04-14,EUR,40.2639,quadratic,39.25591064002688,1.0079893599731164
2023-04-15,EUR,40.2639,quadratic,39.261900054130464,1.0019999458695352
2023-04-16,EUR,40.2639,quadratic,39.26789931914505,0.996000680854948
2023-04-17,EUR,40.4174,quadratic,39.27390843507065,1.1434915649293487
2023-04-18,EUR,40.1432,quadratic,39.279927401907266,0.8632725980927347
2023-04-19,EUR,40.1066,quadratic,39.28595621965488,0.8206437803451223
2023-04-20,EUR,39.9677,quadratic,39.29199488831351,0.6757051116864901
2023-04-21,EUR,40.0664,quadratic,39.29804340788315,0.7683565921168523
2023-04-22,EUR,40.0664,quadratic,39.304101778363794,0.7622982216362075
2023-04-23,EUR,40.0664,quadratic,39.31016999975545,0.7562300002445497
2023-04-24,EUR,40.1505,quadratic,39.31624807205812,0.8342519279418781
2023-04-25,EUR,40.2291,quadratic,39.3223359952718,0.9067640047282026
2023-04-26,EUR,40.2858,quadratic,39.32843376939649,0.9573662306035118
2023-04-27,EUR,40.3918,quadratic,39.334541394432186,1.0572586055678173
2023-04-28,EUR,40.3461,quadratic,39.340658870378896,1.0054411296211043
2023-04-29,EUR,40.3461,quadratic,39.34678619723661,0.999313802763389
2023-04-30,EUR,40.3461,quadratic,39.35292337500534,0.9931766249946605
2023-05-01,EUR,40.1322,quadratic,39.359070403685074,0.7731295963149236
2023-05-02,EUR,40.2693,quadratic,39.36522728327582,0.9040727167241798
2023-05-03,EUR,40.1066,quadratic,39.371394013777575,0.7352059862224252
2023-05-04,EUR,40.3699,quadratic,39.37757059519034,0.9923294048096594
2023-05-05,EUR,40.4942,quadratic,39.38375702751412,1.1104429724858775
2023-05-06,EUR,40.4942,quadratic,39.38995331074891,1.1042466892510916
2023-05-07,EUR,40.4942,quadratic,39.39615944489471,1.0980405551052925
2023-05-08,EUR,40.2602,quadratic,39.40237542995151,0.8578245700484857
2023-05-09,EUR,40.348,quadratic,39.40860126591932,0.939398734080676
2023-05-10,EUR,40.0883,quadratic,39.414836952798154,0.6734630472018424
2023-05-11,EUR,40.0444,quadratic,39.421082490587985,0.6233175094120185
2023-05-12,EUR,39.9713,quadratic,39.427337879288835,0.5439621207111642
2023-05-13,EUR,39.9713,quadratic,39.433603118900685,0.5376968810993148
2023-05-14,EUR,39.9713,quadratic,39.439878209423554,0.5314217905764451
2023-05-15,EUR,39.8287,quadratic,39.44616315085743,0.3825368491425678
2023-05-16,EUR,39.7702,quadratic,39.45245794320231,0.31774205679769096
2023-05-17,EUR,39.8104,quadratic,39.45876258645821,0.3516374135417948
2023-05-18,EUR,39.5947,quadratic,39.465077080625115,0.12962291937488857
2023-05-19,EUR,39.5471,quadratic,39.47140142570303,0.0756985742969718
2023-05-20,EUR,39.5471,quadratic,39.47773562169195,0.06936437830805176
2023-05-21,EUR,39.5471,quadratic,39.48407966859188,0.06302033140811858
2023-05-22,EUR,39.5179,quadratic,39.49043356640283,0.02746643359716927
2023-05-23,EUR,39.5691,quadratic,39.49679731512478,0.0723026848752184
2023-05-24,EUR,39.3972,quadratic,39.503170914757746,-0.10597091475774789
2023-05-25,EUR,39.41,quadratic,39.50955436530172,-0.09955436530172079
2023-05-26,EUR,39.2436,quadratic,39.5159476667567,-0.2723476667567013
2023-05-27,EUR,39.2436,quadratic,39.5223508191227,-0.27875081912269906
2023-05-28,EUR,39.2436,quadratic,39.528763822399696,-0.28516382239969573
2023-05-29,EUR,39.3167,quadratic,39.53518667658771,-0.21848667658771603
2023-05-30,EUR,39.1759,quadratic,39.541619381686736,-0.3657193816867377
2023-05-31,EUR,39.2802,quadratic,39.54806193769677,-0.2678619376967717
2023-06-01,EUR,39.0553,quadratic,39.554514344617814,-0.4992143446178119
2023-06-02,EUR,39.1522,quadratic,39.56097660244986,-0.408776602449862
2023-06-03,EUR,39.1522,quadratic,39.567448711192924,-0.4152487111929233
2023-06-04,EUR,39.1522,quadratic,39.573930670847,-0.42173067084699767
2023-06-05,EUR,39.346,quadratic,39.58042248141208,-0.2344224814120821
2023-06-06,EUR,39.0937,quadratic,39.58692414288817,-0.49322414288817384
2023-06-07,EUR,39.0516,quadratic,39.59343565527527,-0.5418356552752712
2023-06-08,EUR,39.1851,quadratic,39.599957018573384,-0.41485701857338597
2023-06-09,EUR,39.2619,quadratic,39.60648823278251,-0.34458823278251316
2023-06-10,EUR,39.2619,quadratic,39.613029297902635,-0.3511292979026379
2023-06-11,EUR,39.2619,quadratic,39.61958021393378,-0.3576802139337829
2023-06-12,EUR,39.4082,quadratic,39.62614098087593,-0.21794098087593028
2023-06-13,EUR,39.357,quadratic,39.63271159872909,-0.2757115987290888
2023-06-14,EUR,39.4721,quadratic,39.639292067493265,-0.16719206749326787
2023-06-15,EUR,39.5069,quadratic,39.64588238716844,-0.1389823871684399
2023-06-16,EUR,39.5691,quadratic,39.65248255775463,-0.0833825577546321
2023-06-17,EUR,39.5691,quadratic,39.65909257925183,-0.08999257925183457
2023-06-18,EUR,39.5691,quadratic,39.66571245166004,-0.09661245166004306
2023-06-19,EUR,40.081,quadratic,39.67234217497926,0.40865782502073955
2023-06-20,EUR,39.9384,quadratic,39.67898174920949,0.2594182507905103
2023-06-21,EUR,39.964,quadratic,39.68563117435073,0.2783688256492667
2023-06-22,EUR,39.9494,quadratic,39.692290450402986,0.25710954959701127
2023-06-23,EUR,40.1852,quadratic,39.698959577366246,0.486240422633756
2023-06-24,EUR,40.1852,quadratic,39.70563855524051,0.47956144475949003
2023-06-25,EUR,40.1852,quadratic,39.71232738402579,0.47287261597421093
2023-06-26,EUR,39.7738,quadratic,39.71902606372208,0.05477393627791827
2023-06-27,EUR,39.9238,quadratic,39.72573459432938,0.1980654056706186
2023-06-28,EUR,40.0225,quadratic,39.732452975847686,0.2900470241523152
2023-06-29,EUR,40.0042,quadratic,39.739181208277,0.26501879172299425
2023-06-30,EUR,40.0006,quadratic,39.745919291617334,0.254680708382665
2023-07-01,EUR,40.0006,quadratic,39.75266722586868,0.2479327741313213
2023-07-02,EUR,40.0006,quadratic,39.75942501103102,0.2411749889689787
2023-07-03,EUR,39.6952,quadratic,39.76619264710438,-0.07099264710438291
2023-07-04,EUR,39.8543,quadratic,39.772970134088744,0.08132986591125757
2023-07-05,EUR,39.8543,quadratic,39.77975747198413,0.07454252801587558
2023-07-06,EUR,39.7848,quadratic,39.786554660790515,-0.0017546607905174483
2023-07-07,EUR,39.8433,quadratic,39.79336170050791,0.04993829949209072
2023-07-08,EUR,39.8433,quadratic,39.800178591136316,0.04312140886368354
2023-07-09,EUR,39.8433,quadratic,39.807005332675736,0.03629466732426323
2023-07-10,EUR,39.8214,quadratic,39.81384192512616,0.0075580748738346415
2023-07-11,EUR,40.0627,quadratic,39.8206883684876,0.24201163151239768
2023-07-12,EUR,40.167,quadratic,39.82754466276005,0.33945533723995425
2023-07-13,EUR,40.2803,quadratic,39.834410807943506,0.4458891920564909
2023-07-14,EUR,40.8581,quadratic,39.84128680403797,1.0168131959620297
2023-07-15,EUR,40.8581,quadratic,39.84817265104345,1.009927348956552
2023-07-16,EUR,40.8581,quadratic,39.85506834895993,1.003031651040068
2023-07-17,EUR,41.0483,quadratic,39.86197389778743,1.1863261022125684
2023-07-18,EUR,41.0812,quadratic,39.86888929752593,1.2123107024740705
2023-07-19,EUR,41.1506,quadratic,39.87581454817545,1.274785451824549
2023-07-20,EUR,41.0117,quadratic,39.88274964973598,1.1289503502640201
2023-07-21,EUR,40.9897,quadratic,39.88969460220751,1.1000053977924864
2023-07-22,EUR,40.9897,quadratic,39.896649405590054,1.0930505944099451
2023-07-23,EUR,40.9897,quadratic,39.90361405988361,1.0860859401163907
2023-07-24,EUR,40.6643,quadratic,39.910588565088176,0.7537114349118212
2023-07-25,EUR,40.5838,quadratic,39.91757292120375,0.666227078796247
2023-07-26,EUR,40.4046,quadratic,39.924567128230336,0.4800328717696658
2023-07-27,EUR,40.4558,quadratic,39.93157118616793,0.5242288138320745
2023-07-28,EUR,40.7228,quadratic,39.938585095016535,0.7842149049834646
2023-07-29,EUR,40.7228,quadratic,39.94560885477615,0.7771911452238527
2023-07-30,EUR,40.7228,quadratic,39.95264246544677,0.7701575345532277
2023-07-31,EUR,40.2584,quadratic,39.95968592702841,0.2987140729715918
2023-08-01,EUR,40.3242,quadratic,39.966739239521054,0.3574607604789435
2023-08-02,EUR,40.134,quadratic,39.973802402924704,0.16019759707529602
2023-08-03,EUR,40.145,quadratic,39.98087541723937,0.16412458276063546
2023-08-04,EUR,39.9914,quadratic,39.987958282465044,0.0034417175349545914
2023-08-05,EUR,39.9914,quadratic,39.99505099860173,-0.003650998601727906
2023-08-06,EUR,39.9914,quadratic,40.00215356564942,-0.010753565649423535
2023-08-07,EUR,40.0024,quadratic,40.009265983608124,-0.006865983608122406
2023-08-08,EUR,40.1633,quadratic,40.01638825247784,0.14691174752216085
2023-08-09,EUR,40.0134,quadratic,40.02352037225856,-0.010120372258562327
2023-08-10,EUR,40.1194,quadratic,40.03066234295029,0.08873765704970538
2023-08-11,EUR,40.284,quadratic,40.03781416455303,0.24618583544696548
2023-08-12,EUR,40.284,quadratic,40.04497583706679,0.23902416293321238
2023-08-13,EUR,40.284,quadratic,40.052147360491546,0.23185263950845325
2023-08-14,EUR,40.2145,quadratic,40.05932873482732,0.1551712651726831
2023-08-15,EUR,40.006,quadratic,40.0665199600741,-0.060519960074103096
2023-08-16,EUR,39.9658,quadratic,40.073721036231895,-0.1079210362318932
2023-08-17,EUR,39.911,quadratic,40.0809319633007,-0.16993196330069793
2023-08-18,EUR,39.8415,quadratic,40.08815274128051,-0.2466527412805064
2023-08-19,EUR,39.8415,quadratic,40.09538337017133,-0.253883370171323
2023-08-20,EUR,39.8415,quadratic,40.10262384997316,-0.26112384997315985
2023-08-21,EUR,39.7245,quadratic,40.109874180686,-0.38537418068600005
2023-08-22,EUR,39.889,quadratic,40.117134362309855,-0.22813436230985218
2023-08-23,EUR,39.8086,quadratic,40.12440439484472,-0.31580439484471867
2023-08-24,EUR,39.5343,quadratic,40.131684278290585,-0.5973842782905834
2023-08-25,EUR,39.655,quadratic,40.138974012647466,-0.4839740126474652
2023-08-26,EUR,39.655,quadratic,40.14627359791535,-0.4912735979153524
2023-08-27,EUR,39.655,quadratic,40.153583034094254,-0.49858303409425275
2023-08-28,EUR,39.5051,quadratic,40.16090232118417,-0.6558023211841686
2023-08-29,EUR,39.516,quadratic,40.16823145918509,-0.6522314591850886
2023-08-30,EUR,39.516,quadratic,40.17557044809701,-0.6595704480970142
2023-08-31,EUR,39.7903,quadratic,40.18291928791996,-0.39261928791995615
2023-09-01,EUR,39.7391,quadratic,40.1902779786539,-0.4511779786539023
2023-09-02,EUR,39.7391,quadratic,40.19764652029887,-0.4585465202988672
2023-09-03,EUR,39.7391,quadratic,40.20502491285483,-0.46592491285483106
2023-09-04,EUR,39.6221,quadratic,40.212413156321816,-0.5903131563218125
2023-09-05,EUR,39.4977,quadratic,40.2198112506998,-0.7221112506997969
2023-09-06,EUR,39.2527,quadratic,40.2272191959888,-0.9745191959888047
2023-09-07,EUR,39.2856,quadratic,40.23463699218881,-0.9490369921888089
2023-09-08,EUR,39.1467,quadratic,40.24206463929983,-1.0953646392998238
2023-09-09,EUR,39.1467,quadratic,40.249502137321855,-1.1028021373218522
2023-09-10,EUR,39.1467,quadratic,40.256949486254896,-1.1102494862548937
2023-09-11,EUR,39.1247,quadratic,40.264406686098944,-1.1397066860989469
2023-09-12,EUR,39.1979,quadratic,40.271873736854,-1.0739737368540005
2023-09-13,EUR,39.1906,quadratic,40.27935063852007,-1.088750638520068
2023-09-14,EUR,39.2674,quadratic,40.286837391097144,-1.0194373910971422
2023-09-15,EUR,39.2381,quadratic,40.29433399458524,-1.0562339945852344
2023-09-16,EUR,39.2381,quadratic,40.30184044898433,-1.0637404489843263
2023-09-17,EUR,39.2381,quadratic,40.30935675429444,-1.0712567542944385
2023-09-18,EUR,38.9602,quadratic,40.31688291051556,-1.3566829105155591
2023-09-19,EUR,38.9931,quadratic,40.324418917647684,-1.3313189176476854
2023-09-20,EUR,39.154,quadratic,40.33196477569082,-1.1779647756908176
2023-09-21,EUR,39.1394,quadratic,40.339520484644964,-1.2001204846449625
2023-09-22,EUR,38.8944,quadratic,40.34708604451012,-1.4526860445101235
2023-09-23,EUR,38.8944,quadratic,40.35466145528629,-1.4602614552862931
2023-09-24,EUR,38.8944,quadratic,40.362246716973466,-1.4678467169734688
2023-09-25,EUR,38.898,quadratic,40.369841829571655,-1.4718418295716518
2023-09-26,EUR,38.8724,quadratic,40.37744679308085,-1.5050467930808509
2023-09-27,EUR,38.7609,quadratic,40.38506160750105,-1.6241616075010512
2023-09-28,EUR,38.5506,quadratic,40.39268627283227,-1.842086272832269
2023-09-29,EUR,38.5543,quadratic,40.4003207890745,-1.846020789074501
2023-09-30,EUR,38.5543,quadratic,40.40796515622773,-1.8536651562277342
2023-10-01,EUR,38.5543,quadratic,40.41561937429198,-1.8613193742919805
2023-10-02,EUR,38.7408,quadratic,40.42328344326723,-1.6824834432672304
2023-10-03,EUR,38.5177,quadratic,40.430957363153496,-1.9132573631534981
2023-10-04,EUR,38.3263,quadratic,40.438641133950775,-2.112341133950771
2023-10-05,EUR,38.4288,quadratic,40.44633475565906,-2.0175347556590566
2023-10-06,EUR,38.5406,quadratic,40.45403822827835,-1.913438228278352
2023-10-07,EUR,38.5406,quadratic,40.46175155180865,-1.9211515518086557
2023-10-08,EUR,38.5406,quadratic,40.46947472624997,-1.9288747262499726
2023-10-09,EUR,38.6533,quadratic,40.47720775160229,-1.8239077516022917
2023-10-10,EUR,38.4827,quadratic,40.48495062786563,-2.002250627865628
2023-10-11,EUR,38.6049,quadratic,40.49270335503997,-1.8878033550399707
2023-10-12,EUR,38.6394,quadratic,40.50046593312533,-1.8610659331253245
2023-10-13,EUR,38.6422,quadratic,40.50823836212169,-1.8660383621216852
2023-10-14,EUR,38.6422,quadratic,40.51602064202906,-1.8738206420290595
2023-10-15,EUR,38.6422,quadratic,40.52381277284745,-1.881612772847447
2023-10-16,EUR,38.2782,quadratic,40.531614754576836,-2.2534147545768377
2023-10-17,EUR,38.2806,quadratic,40.53942658721724,-2.258826587217243
2023-10-18,EUR,38.5503,quadratic,40.547248270768655,-1.9969482707686552
2023-10-19,EUR,38.609,quadratic,40.55507980523108,-1.9460798052310793
2023-10-20,EUR,38.6511,quadratic,40.56292119060451,-1.9118211906045133
2023-10-21,EUR,38.6511,quadratic,40.57077242688895,-1.9196724268889511
2023-10-22,EUR,38.6511,quadratic,40.5786335140844,-1.927533514084402
2023-10-23,EUR,38.7033,quadratic,40.586504452190866,-1.883204452190867
2023-10-24,EUR,38.7613,quadratic,40.59438524120834,-1.8330852412083445
2023-10-25,EUR,38.9091,quadratic,40.60227588113682,-1.693175881136817
2023-10-26,EUR,38.6171,quadratic,40.610176371976316,-1.993076371976315
2023-10-27,EUR,38.4687,quadratic,40.61808671372682,-2.1493867137268197
2023-10-28,EUR,38.4687,quadratic,40.62600690638833,-2.157306906388328
2023-10-29,EUR,38.4687,quadratic,40.63393694996085,-2.1652369499608497
2023-10-30,EUR,38.3774,quadratic,40.641876844444376,-2.264476844444374
2023-10-31,EUR,38.5624,quadratic,40.64982658983892,-2.087426589838927
2023-11-01,EUR,38.5451,quadratic,40.65778618614447,-2.1126861861444723
2023-11-02,EUR,38.2311,quadratic,40.66575563336103,-2.4346556333610323
2023-11-03,EUR,38.6703,quadratic,40.6737349314886,-2.0034349314886057
2023-11-04,EUR,38.6703,quadratic,40.68172408052718,-2.011424080527185
2023-11-05,EUR,38.6703,quadratic,40.689723080476774,-2.019423080476777
2023-11-06,EUR,38.7278,quadratic,40.69773193133737,-1.9699319313373707
2023-11-07,EUR,38.7206,quadratic,40.705750633108984,-1.9851506331089865
2023-11-08,EUR,38.484,quadratic,40.7137791857916,-2.2297791857915996
2023-11-09,EUR,38.4518,quadratic,40.72181758938523,-2.2700175893852332
2023-11-10,EUR,38.5225,quadratic,40.729865843889876,-2.2073658438898747
2023-11-11,EUR,38.5225,quadratic,40.737923949305525,-2.2154239493055243
2023-11-12,EUR,38.5225,quadratic,40.74599190563218,-2.22349190563218
2023-11-13,EUR,38.542,quadratic,40.75406971286985,-2.212069712869848
2023-11-14,EUR,38.5945,quadratic,40.76215737101853,-2.167657371018535
2023-11-15,EUR,38.9392,quadratic,40.77025488007822,-1.83105488007822
2023-11-16,EUR,39.3939,quadratic,40.77836224004892,-1.3844622400489186
2023-11-17,EUR,39.3054,quadratic,40.78647945093063,-1.481079450930629
2023-11-18,EUR,39.3054,quadratic,40.79460651272335,-1.4892065127233494
2023-11-19,EUR,39.3054,quadratic,40.802743425427074,-1.4973434254270757
2023-11-20,EUR,39.2582,quadratic,40.810890189041814,-1.5526901890418117
2023-11-21,EUR,39.3986,quadratic,40.81904680356756,-1.4204468035675575
2023-11-22,EUR,39.466,quadratic,40.82721326900432,-1.3612132690043168
2023-11-23,EUR,39.3352,quadratic,40.83538958535208,-1.5001895853520821
2023-11-24,EUR,39.27,quadratic,40.84357575261086,-1.5735757526108571
2023-11-25,EUR,39.27,quadratic,40.85177177078065,-1.581771770780648
2023-11-26,EUR,39.27,quadratic,40.85997763986145,-1.589977639861445
2023-11-27,EUR,39.358,quadratic,40.86819335985326,-1.510193359853261
2023-11-28,EUR,39.6579,quadratic,40.876418930756074,-1.2185189307560762
2023-11-29,EUR,39.8172,quadratic,40.884654352569896,-1.0674543525698965
2023-11-30,EUR,39.9582,quadratic,40.89289962529474,-0.9346996252947406
2023-12-01,EUR,39.7235,quadratic,40.90115474893058,-1.1776547489305784
2023-12-02,EUR,39.7235,quadratic,40.90941972347744,-1.18591972347744
2023-12-03,EUR,39.7235,quadratic,40.91769454893531,-1.1941945489353074
2023-12-04,EUR,39.6582,quadratic,40.92597922530418,-1.2677792253041815
2023-12-05,EUR,39.7135,quadratic,40.93427375258407,-1.2207737525840656
2023-12-06,EUR,39.6461,quadratic,40.94257813077496,-1.2964781307749647
2023-12-07,EUR,39.5433,quadratic,40.95089235987687,-1.4075923598768654
2023-12-08,EUR,39.496,quadratic,40.959216439889786,-1.4632164398897842
2023-12-09,EUR,39.496,quadratic,40.96755037081371,-1.4715503708137092
2023-12-10,EUR,39.496,quadratic,40.97589415264865,-1.4798941526486473
2023-12-11,EUR,39.601,quadratic,40.984247785394594,-1.3832477853945946
2023-12-12,EUR,39.6738,quadratic,40.992611269051544,-1.3188112690515439
2023-12-13,EUR,39.9376,quadratic,41.000984603619514,-1.063384603619511
2023-12-14,EUR,39.9217,quadratic,41.009367789098484,-1.0876677890984823
2023-12-15,EUR,40.413,quadratic,41.01776082548847,-0.6047608254884764
2023-12-16,EUR,40.413,quadratic,41.02616371278947,-0.613163712789472
2023-12-17,EUR,40.413,quadratic,41.03457645100147,-0.6215764510014736
2023-12-18,EUR,40.5122,quadratic,41.042999040124485,-0.5307990401244851
2023-12-19,EUR,40.5918,quadratic,41.051431480158506,-0.45963148015850663
2023-12-20,EUR,40.9219,quadratic,41.05987377110354,-0.13797377110353892
2023-12-21,EUR,41.0664,quadratic,41.06832591295959,-0.0019259129595852187
2023-12-22,EUR,41.2846,quadratic,41.07678790572664,0.20781209427335767
2023-12-23,EUR,41.2846,quadratic,41.085259749404706,0.19934025059529148
2023-12-24,EUR,41.2846,quadratic,41.09374144399378,0.19085855600621926
2023-12-25,EUR,41.3753,quadratic,41.102232989493864,0.27306701050613924
2023-12-26,EUR,41.3611,quadratic,41.110734385904955,0.25036561409504543
2023-12-27,EUR,41.1538,quadratic,41.11924563322706,0.03455436677293733
2023-12-28,EUR,41.6334,quadratic,41.12776673146017,0.5056332685398317
2023-12-29,EUR,42.2079,quadratic,41.136297680604294,1.0716023193957085
2023-12-30,EUR,42.2079,quadratic,41.14483848065942,1.0630615193405788
2023-12-31,EUR,42.2079,quadratic,41.153389131625566,1.054510868374436
2024-01-01,EUR,41.996,quadratic,41.16194963350272,0.83405036649728
2024-01-02,EUR,42.0059,quadratic,41.170519986290884,0.8353800137091127
2024-01-03,EUR,41.7209,quadratic,41.17910018999005,0.5417998100099481
2024-01-04,EUR,41.6073,quadratic,41.18769024460023,0.41960975539976886
2024-01-05,EUR,41.6665,quadratic,41.19629015012143,0.4702098498785716
2024-01-06,EUR,41.6665,quadratic,41.20489990655363,0.4616000934463713
2024-01-07,EUR,41.6665,quadratic,41.21351951389684,0.4529804861031579
2024-01-08,EUR,41.573,quadratic,41.22214897215106,0.3508510278489396
2024-01-09,EUR,41.7973,quadratic,41.23078828131629,0.5665117186837065
2024-01-10,EUR,41.8185,quadratic,41.23943744139253,0.5790625586074682
2024-01-11,EUR,41.8015,quadratic,41.248096452379784,0.5534035476202135
2024-01-12,EUR,41.741,quadratic,41.25676531427805,0.48423468572195105
2024-01-13,EUR,41.741,quadratic,41.26544402708731,0.47555597291268725
2024-01-14,EUR,41.741,quadratic,41.274132590807596,0.4668674091924032
2024-01-15,EUR,41.3879,quadratic,41.28283100543889,0.1050689945611154
2024-01-16,EUR,41.4763,quadratic,41.29153927098119,0.18476072901881224
2024-01-17,EUR,41.2848,quadratic,41.3002573874345,-0.015457387434501868
2024-01-18,EUR,41.21,quadratic,41.308985354798814,-0.09898535479881332
2024-01-19,EUR,41.0146,quadratic,41.31772317307415,-0.30312317307414816
2024-01-20,EUR,41.0146,quadratic,41.326470842260484,-0.31187084226048256
2024-01-21,EUR,41.0146,quadratic,41.33522836235784,-0.3206283623578372
2024-01-22,EUR,40.8404,quadratic,41.34399573336619,-0.5035957333661898
2024-01-23,EUR,40.7928,quadratic,41.352772955285566,-0.5599729552855663
2024-01-24,EUR,40.6905,quadratic,41.361560028115946,-0.6710600281159458
2024-01-25,EUR,40.8837,quadratic,41.37035695185733,-0.48665695185733426
2024-01-26,EUR,40.9161,quadratic,41.37916372650973,-0.4630637265097306
2024-01-27,EUR,40.9161,quadratic,41.38798035207314,-0.4718803520731427
2024-01-28,EUR,40.9161,quadratic,41.39680682854756,-0.48070682854756086
2024-01-29,EUR,41.0567,quadratic,41.405643155932985,-0.34894315593298586
2024-01-30,EUR,41.0042,quadratic,41.41448933422942,-0.41028933422942515
2024-01-31,EUR,41.0845,quadratic,41.42334536343687,-0.33884536343687444
2024-02-01,EUR,40.7067,quadratic,41.43221124355533,-0.7255112435553315
2024-02-02,EUR,40.6695,quadratic,41.4410869745848,-0.7715869745847996
2024-02-03,EUR,40.6695,quadratic,41.449972556525275,-0.7804725565252753
2024-02-04,EUR,40.6695,quadratic,41.45886798937676,-0.789367989376764
2024-02-05,EUR,40.8797,quadratic,41.46777327313926,-0.5880732731392584
2024-02-06,EUR,40.3747,quadratic,41.476688407812766,-1.1019884078127689
2024-02-07,EUR,40.3946,quadratic,41.48561339339729,-1.09101339339729
2024-02-08,EUR,40.5035,quadratic,41.494548229892814,-0.9910482298928116
2024-02-09,EUR,40.4129,quadratic,41.50349291729935,-1.0905929172993467
2024-02-10,EUR,40.4129,quadratic,41.51244745561689,-1.099547455616893
2024-02-11,EUR,40.4129,quadratic,41.52141184484545,-1.1085118448454523
2024-02-12,EUR,40.5129,quadratic,41.53038608498502,-1.0174860849850162
2024-02-13,EUR,40.8092,quadratic,41.5393701760356,-0.7301701760355996
2024-02-14,EUR,41.1212,quadratic,41.54836411799718,-0.42716411799717946
2024-02-15,EUR,40.8684,quadratic,41.55736791086978,-0.6889679108697777
2024-02-16,EUR,40.7718,quadratic,41.56638155465338,-0.7945815546533836
2024-02-17,EUR,40.7718,quadratic,41.575405049348,-0.8036050493480005
2024-02-18,EUR,40.7718,quadratic,41.58443839495362,-0.8126383949536233
2024-02-19,EUR,40.8919,quadratic,41.59348159147026,-0.7015815914702586
2024-02-20,EUR,41.2403,quadratic,41.6025346388979,-0.36223463889790253
2024-02-21,EUR,41.5421,quadratic,41.611597537236555,-0.0694975372365576
2024-02-22,EUR,41.7213,quadratic,41.620670286486224,0.1006297135137757
2024-02-23,EUR,41.728,quadratic,41.6297528866469,0.09824711335310354
2024-02-24,EUR,41.728,quadratic,41.638845337718585,0.08915466228141611
2024-02-25,EUR,41.728,quadratic,41.64794763970128,0.08005236029872265
2024-02-26,EUR,41.5628,quadratic,41.65705979259498,-0.09425979259497552
2024-02-27,EUR,41.5985,quadratic,41.6661817963997,-0.06768179639969674
2024-02-28,EUR,41.7179,quadratic,41.67531365111542,0.04258634888458346
2024-02-29,EUR,41.2968,quadratic,41.684455356742156,-0.3876553567421581
2024-03-01,EUR,41.2035,quadratic,41.6936069132799,-0.4901069132799023
2024-03-02,EUR,41.2035,quadratic,41.70276832072865,-0.49926832072865324
2024-03-03,EUR,41.2035,quadratic,41.711939579088416,-0.5084395790884173
2024-03-04,EUR,41.2635,quadratic,41.721120688359186,-0.4576206883591851
2024-03-05,EUR,41.5433,quadratic,41.73031164854097,-0.18701164854096675
2024-03-06,EUR,41.6463,quadratic,41.739512459633765,-0.09321245963376867
2024-03-07,EUR,41.5918,quadratic,41.74872312163757,-0.15692312163756839
2024-03-08,EUR,41.4883,quadratic,41.75794363455238,-0.2696436345523807
2024-03-09,EUR,41.4883,quadratic,41.767173998378205,-0.27887399837820226
2024-03-10,EUR,41.4883,quadratic,41.77641421311503,-0.2881142131150298
2024-03-11,EUR,41.6957,quadratic,41.78566427876288,-0.08996427876287783
2024-03-12,EUR,41.9559,quadratic,41.79492419532173,0.160975804678273
2024-03-13,EUR,42.0414,quadratic,41.804193962791594,0.23720603720840927
2024-03-14,EUR,42.4183,quadratic,41.81347358117247,0.6048264188275354
2024-03-15,EUR,42.287,quadratic,41.822763050464346,0.4642369495356533
2024-03-16,EUR,42.287,quadratic,41.83206237066724,0.45493762933276116
2024-03-17,EUR,42.287,quadratic,41.841371541781136,0.445628458218863
2024-03-18,EUR,42.2452,quadratic,41.85069056380605,0.3945094361939496
2024-03-19,EUR,42.447,quadratic,41.86001943674197,0.5869805632580309
2024-03-20,EUR,42.4641,quadratic,41.8693581605889,0.5947418394110997
2024-03-21,EUR,42.4394,quadratic,41.878706735346846,0.5606932646531533
2024-03-22,EUR,42.4693,quadratic,41.888065161015795,0.5812348389842015
2024-03-23,EUR,42.4693,quadratic,41.89743343759575,0.5718665624042458
2024-03-24,EUR,42.4693,quadratic,41.90681156508673,0.5624884349132699
2024-03-25,EUR,42.1252,quadratic,41.91619954348871,0.20900045651129062
2024-03-26,EUR,42.4898,quadratic,41.9255973728017,0.5642026271983056
2024-03-27,EUR,42.6911,quadratic,41.9350050530257,0.7560949469743008
2024-03-28,EUR,42.442,quadratic,41.944422584160705,0.49757741583929516
2024-03-29,EUR,42.367,quadratic,41.953849966206725,0.4131500337932721
2024-03-30,EUR,42.367,quadratic,41.96328719916376,0.4037128008362387
2024-03-31,EUR,42.367,quadratic,41.9727342830318,0.39426571696819934
2024-04-01,EUR,42.1601,quadratic,41.98219121781084,0.1779087821891565
2024-04-02,EUR,42.1384,quadratic,41.9916580035009,0.14674199649909525
2024-04-03,EUR,42.2768,quadratic,42.001134640101974,0.2756653598980279
2024-04-04,EUR,42.2643,quadratic,42.01062112761405,0.25367887238594733
2024-04-05,EUR,42.3485,quadratic,42.02011746603714,0.3283825339628592
2024-04-06,EUR,42.3485,quadratic,42.02962365537124,0.31887634462876235
2024-04-07,EUR,42.3485,quadratic,42.03913969561635,0.30936030438365236
2024-04-08,EUR,42.091,quadratic,42.048665586772465,0.04233441322753606
2024-04-09,EUR,42.2008,quadratic,42.058201328839594,0.1425986711604068
2024-04-10,EUR,42.3519,quadratic,42.06774692181773,0.2841530781822712
2024-04-11,EUR,42.3616,quadratic,42.07730236570688,0.28429763429312516
2024-04-12,EUR,42.019,quadratic,42.08686766050704,-0.06786766050704074
2024-04-13,EUR,42.019,quadratic,42.09644280621821,-0.0774428062182082
2024-04-14,EUR,42.019,quadratic,42.10602780284039,-0.0870278028403888
2024-04-15,EUR,41.9678,quadratic,42.115622650373574,-0.1478226503735769
2024-04-16,EUR,42.1618,quadratic,42.125227348817766,0.036572651182233074
2024-04-17,EUR,42.1222,quadratic,42.13484189817297,-0.012641898172972788
2024-04-18,EUR,42.0562,quadratic,42.14446629843919,-0.0882662984391942
2024-04-19,EUR,42.2789,quadratic,42.154100549616416,0.12479945038358409
2024-04-20,EUR,42.2789,quadratic,42.163744651704654,0.11515534829534602
2024-04-21,EUR,42.2789,quadratic,42.173398604703905,0.10550139529609481
2024-04-22,EUR,42.3821,quadratic,42.18306240861416,0.19903759138583865
2024-04-23,EUR,42.3118,quadratic,42.192736063435426,0.11906393656457226
2024-04-24,EUR,42.262,quadratic,42.2024195691677,0.05958043083229825
2024-04-25,EUR,42.1833,quadratic,42.212112925810985,-0.028812925810981938
2024-04-26,EUR,42.5205,quadratic,42.22181613336528,0.29868386663471824
2024-04-27,EUR,42.5205,quadratic,42.23152919183059,0.28897080816940957
2024-04-28,EUR,42.5205,quadratic,42.2412521012069,0.27924789879309486
2024-04-29,EUR,42.4409,quadratic,42.25098486149423,0.1899151385057678
2024-04-30,EUR,42.4972,quadratic,42.260727472692565,0.23647252730743418
2024-05-01,EUR,42.3641,quadratic,42.27047993480191,0.0936200651980883
2024-05-02,EUR,42.2986,quadratic,42.280242247822265,0.018357752177735165
2024-05-03,EUR,42.3098,quadratic,42.29001441175363,0.019785588246371333
2024-05-04,EUR,42.3098,quadratic,42.299796426596004,0.010003573403999155
2024-05-05,EUR,42.3098,quadratic,42.30958829234939,0.000211707650613846
2024-05-06,EUR,42.3359,quadratic,42.31939000901379,0.016509990986214973
2024-05-07,EUR,42.3983,quadratic,42.329201576589185,0.06909842341081429
2024-05-08,EUR,42.3087,quadratic,42.3390229950756,-0.030322995075600545
2024-05-09,EUR,42.3168,quadratic,42.348854264473026,-0.032054264473025285
2024-05-10,EUR,42.4312,quadratic,42.35869538478146,0.07250461521853424
2024-05-11,EUR,42.4312,quadratic,42.368546356000905,0.06265364399909146
2024-05-12,EUR,42.4312,quadratic,42.378407178131354,0.05279282186864265
2024-05-13,EUR,42.8148,quadratic,42.38827785117282,0.4265221488271749
2024-05-14,EUR,42.7495,quadratic,42.39815837512529,0.3513416248747063
2024-05-15,EUR,42.8305,quadratic,42.40804874998878,0.4224512500112212
2024-05-16,EUR,42.8501,quadratic,42.417948975763274,0.4321510242367239
2024-05-17,EUR,42.8452,quadratic,42.427859052448774,0.4173409475512244
2024-05-18,EUR,42.8452,quadratic,42.43777898004529,0.40742101995471103
2024-05-19,EUR,42.8452,quadratic,42.44770875855281,0.3974912414471916
2024-05-20,EUR,42.7549,quadratic,42.45764838797134,0.2972516120286599
2024-05-21,EUR,43.0802,quadratic,42.467597868300885,0.6126021316991128
2024-05-22,EUR,43.2643,quadratic,42.47755719954144,0.7867428004585619
2024-05-23,EUR,43.1106,quadratic,42.487526381692994,0.6230736183070036
2024-05-24,EUR,43.3137,quadratic,42.49750541475557,0.8161945852444248
2024-05-25,EUR,43.3137,quadratic,42.50749429872915,0.8062057012708479
2024-05-26,EUR,43.3137,quadratic,42.517493033613746,0.7962069663862508
2024-05-27,EUR,43.491,quadratic,42.52750161940934,0.9634983805906572
2024-05-28,EUR,43.759,quadratic,42.53752005611596,1.2214799438840416
2024-05-29,EUR,43.9708,quadratic,42.547548343733574,1.423251656266423
2024-05-30,EUR,43.9202,quadratic,42.55758648226221,1.3626135177377918
2024-05-31,EUR,43.8171,quadratic,42.56763447170185,1.2494655282981526
2024-06-01,EUR,43.8171,quadratic,42.5776923120525,1.239407687947505
2024-06-02,EUR,43.8171,quadratic,42.58776000331416,1.2293399966858445
2024-06-03,EUR,43.985,quadratic,42.59783754548683,1.3871624545131667
2024-06-04,EUR,43.8939,quadratic,42.60792493857051,1.2859750614294896
2024-06-05,EUR,43.7671,quadratic,42.6180221825652,1.1490778174348009
2024-06-06,EUR,43.6083,quadratic,42.628129277470904,0.9801707225290954
2024-06-07,EUR,43.627,quadratic,42.63824622328761,0.9887537767123931
2024-06-08,EUR,43.627,quadratic,42.64837302001533,0.978626979984675
2024-06-09,EUR,43.627,quadratic,42.65850966765406,0.9684903323459437
2024-06-10,EUR,43.8709,quadratic,42.6686561662038,1.2022438337961958
2024-06-11,EUR,43.4726,quadratic,42.678812515664546,0.7937874843354535
2024-06-12,EUR,43.4594,quadratic,42.68897871603631,0.7704212839636924
2024-06-13,EUR,43.532,quadratic,42.69915476731908,0.832845232680917
2024-06-14,EUR,43.885,quadratic,42.709340669512855,1.175659330487143
2024-06-15,EUR,43.885,quadratic,42.719536422617644,1.1654635773823543
2024-06-16,EUR,43.885,quadratic,42.729742026633446,1.1552579733665524
2024-06-17,EUR,43.4782,quadratic,42.73995748156025,0.7382425184397476
2024-06-18,EUR,43.5366,quadratic,42.750182787398074,0.7864172126019255
2024-06-19,EUR,43.4486,quadratic,42.7604179441469,0.6881820558530976
2024-06-20,EUR,43.5744,quadratic,42.770662951806734,0.8037370481932626
2024-06-21,EUR,43.4276,quadratic,42.78091781037759,0.6466821896224104
2024-06-22,EUR,43.4276,quadratic,42.79118251985944,0.6364174801405582
2024-06-23,EUR,43.4276,quadratic,42.80145708025231,0.6261429197476858
2024-06-24,EUR,43.2347,quadratic,42.81174149155619,0.42295850844380567
2024-06-25,EUR,43.5188,quadratic,42.822035753771075,0.6967642462289234
2024-06-26,EUR,43.545,quadratic,42.83233986689697,0.7126601331030287
2024-06-27,EUR,43.3133,quadratic,42.84265383093388,0.47064616906612144
2024-06-28,EUR,43.3547,quadratic,42.85297764588179,0.5017223541182076
2024-06-29,EUR,43.3547,quadratic,42.86331131174072,0.49138868825927773
2024-06-30,EUR,43.3547,quadratic,42.87365482851066,0.4810451714893418
2024-07-01,EUR,43.2658,quadratic,42.88400819619161,0.3817918038083903
2024-07-02,EUR,43.6853,quadratic,42.89437141478356,0.7909285852164345
2024-07-03,EUR,43.6977,quadratic,42.904744484286525,0.7929555157134729
2024-07-04,EUR,43.8495,quadratic,42.915127404700506,0.934372595299493
2024-07-05,EUR,43.7814,quadratic,42.92552017602549,0.8558798239745045
2024-07-06,EUR,43.7814,quadratic,42.93592279826149,0.845477201738511
2024-07-07,EUR,43.7814,quadratic,42.94633527140849,0.8350647285915045
2024-07-08,EUR,43.8624,quadratic,42.956757595466506,0.905642404533495
2024-07-09,EUR,44.0781,quadratic,42.96718977043553,1.1109102295644675
2024-07-10,EUR,44.0846,quadratic,42.97763179631557,1.1069682036844313
2024-07-11,EUR,44.0776,quadratic,42.988083673106615,1.0895163268933814
2024-07-12,EUR,44.3818,quadratic,42.998545400808666,1.383254599191332
2024-07-13,EUR,44.3818,quadratic,43.00901697942173,1.372783020578268
2024-07-14,EUR,44.3818,quadratic,43.01949840894581,1.362301591054191
2024-07-15,EUR,44.686,quadratic,43.02998968938089,1.6560103106191093
2024-07-16,EUR,44.7263,quadratic,43.04049082072699,1.685809179273015
2024-07-17,EUR,44.9789,quadratic,43.05100180298409,1.9278981970159137
2024-07-18,EUR,45.3457,quadratic,43.061522636152205,2.284177363847796
2024-07-19,EUR,45.2618,quadratic,43.072053320231326,2.1897466797686747
2024-07-20,EUR,45.2618,quadratic,43.08259385522146,2.17920614477854
2024-07-21,EUR,45.2618,quadratic,43.09314424112261,2.1686557588773923
2024-07-22,EUR,45.186,quadratic,43.10370447793476,2.0822955220652375
2024-07-23,EUR,44.9952,quadratic,43.11427456565792,1.8809254343420747
2024-07-24,EUR,44.7693,quadratic,43.124854504292095,1.644445495707906
2024-07-25,EUR,44.7044,quadratic,43.13544429383728,1.5689557061627184
2024-07-26,EUR,44.683,quadratic,43.14604393429347,1.5369560657065264
2024-07-27,EUR,44.683,quadratic,43.15665342566068,1.5263465743393212
2024-07-28,EUR,44.683,quadratic,43.16727276793889,1.51572723206111
2024-07-29,EUR,44.6324,quadratic,43.177901961128114,1.4544980388718827
2024-07-30,EUR,44.4055,quadratic,43.188541005228345,1.2169589947716588
2024-07-31,EUR,44.4181,quadratic,43.19918990023959,1.2189100997604143
2024-08-01,EUR,44.4016,quadratic,43.20984864616184,1.191751353838164
2024-08-02,EUR,44.4013,quadratic,43.2205172429951,1.1807827570048985
2024-08-03,EUR,44.4013,quadratic,43.23119569073937,1.1701043092606298
2024-08-04,EUR,44.4013,quadratic,43.24188398939465,1.159416010605348
2024-08-05,EUR,44.6467,quadratic,43.252582138960946,1.3941178610390565
2024-08-06,EUR,45.1474,quadratic,43.26329013943825,1.8841098605617503
2024-08-07,EUR,44.7931,quadratic,43.274007990826554,1.5190920091734483
2024-08-08,EUR,44.7676,quadratic,43.28473569312588,1.48286430687412
2024-08-09,EUR,44.809,quadratic,43.29547324633621,1.5135267536637897
2024-08-10,EUR,44.809,quadratic,43.30622065045755,1.5027793495424504
2024-08-11,EUR,44.809,quadratic,43.3169779054899,1.492022094510098
2024-08-12,EUR,44.8855,quadratic,43.32774501143326,1.5577549885667423
2024-08-13,EUR,45.1058,quadratic,43.33852196828763,1.7672780317123724
2024-08-14,EUR,45.1957,quadratic,43.349308776053014,1.8463912239469877
2024-08-15,EUR,45.5497,quadratic,43.360105434729405,2.189594565270596
2024-08-16,EUR,45.3055,quadratic,43.3709119443168,1.9345880556832
2024-08-17,EUR,45.3055,quadratic,43.38172830481521,1.92377169518479
2024-08-18,EUR,45.3055,quadratic,43.392554516224635,1.912945483775367
2024-08-19,EUR,45.2991,quadratic,43.40339057854506,1.8957094214549457
2024-08-20,EUR,45.6085,quadratic,43.4142364917765,2.1942635082235
2024-08-21,EUR,45.8195,quadratic,43.42509225591895,2.3944077440810503
2024-08-22,EUR,45.898,quadratic,43.43595787097241,2.4620421290275942
2024-08-23,EUR,45.9826,quadratic,43.446833336936876,2.5357666630631215
2024-08-24,EUR,45.9826,quadratic,43.45771865381236,2.524881346187641
2024-08-25,EUR,45.9826,quadratic,43.468613821598844,2.5139861784011543
2024-08-26,EUR,45.8406,quadratic,43.47951884029634,2.3610811597036587
2024-08-27,EUR,46.1816,quadratic,43.49043370990485,2.691166290095154
2024-08-28,EUR,46.1041,quadratic,43.50135843042437,2.6027415695756346
2024-08-29,EUR,45.8791,quadratic,43.5122930018549,2.366806998145101
2024-08-30,EUR,45.7045,quadratic,43.52323742419644,2.181262575803565
2024-08-31,EUR,45.7045,quadratic,43.53419169744898,2.170308302551021
2024-09-01,EUR,45.7045,quadratic,43.54515582161254,2.159344178387464
2024-09-02,EUR,45.5018,quadratic,43.55612979668711,1.9456702033128934
2024-09-03,EUR,45.4622,quadratic,43.567113622672686,1.895086377327317
2024-09-04,EUR,45.5431,quadratic,43.578107299569275,1.9649927004307273
2024-09-05,EUR,45.6065,quadratic,43.58911082737687,2.017389172623126
2024-09-06,EUR,45.5882,quadratic,43.60012420609548,1.988075793904521
2024-09-07,EUR,45.5882,quadratic,43.611147435725094,1.9770525642749064
2024-09-08,EUR,45.5882,quadratic,43.62218051626572,1.9660194837342786
2024-09-09,EUR,45.5574,quadratic,43.633223447717356,1.9241765522826455
2024-09-10,EUR,45.383,quadratic,43.64427623008,1.73872376992
2024-09-11,EUR,45.3774,quadratic,43.65533886335366,1.7220611366463388
2024-09-12,EUR,45.4894,quadratic,43.66641134753833,1.8229886524616745
2024-09-13,EUR,45.4595,quadratic,43.677493682634,1.7820063173659975
2024-09-14,EUR,45.4595,quadratic,43.688585868640686,1.7709141313593122
2024-09-15,EUR,45.4595,quadratic,43.699687905558385,1.7598120944416138
2024-09-16,EUR,45.7959,quadratic,43.71079979338709,2.085100206612914
2024-09-17,EUR,46.0079,quadratic,43.72192153212681,2.2859784678731927
2024-09-18,EUR,46.1245,quadratic,43.73305312177753,2.3914468782224674
2024-09-19,EUR,46.1099,quadratic,43.74419456233927,2.3657054376607363
2024-09-20,EUR,46.2396,quadratic,43.75534585381201,2.4842541461879932
2024-09-21,EUR,46.2396,quadratic,43.766506996195766,2.4730930038042374
2024-09-22,EUR,46.2396,quadratic,43.77767798949053,2.4619220105094755
2024-09-23,EUR,46.1486,quadratic,43.78885883369631,2.3597411663036922
2024-09-24,EUR,45.9928,quadratic,43.80004952881309,2.192750471186912
2024-09-25,EUR,46.0414,quadratic,43.811250074840885,2.230149925159118
2024-09-26,EUR,46.1958,quadratic,43.82246047177969,2.3733395282203062
2024-09-27,EUR,45.9598,quadratic,43.833680719629506,2.126119280370496
2024-09-28,EUR,45.9598,quadratic,43.844910818390325,2.1148891816096764
2024-09-29,EUR,45.9598,quadratic,43.856150768062165,2.103649231937837
2024-09-30,EUR,45.9541,quadratic,43.867400568645,2.086699431354994
2024-10-01,EUR,46.1539,quadratic,43.878660220138855,2.2752397798611455
2024-10-02,EUR,45.7106,quadratic,43.88992972254372,1.82067027745628
2024-10-03,EUR,45.7147,quadratic,43.9012090758596,1.8134909241404031
2024-10-04,EUR,45.5236,quadratic,43.912498280086474,1.6111017199135276
2024-10-05,EUR,45.5236,quadratic,43.92379733522437,1.5998026647756305
2024-10-06,EUR,45.5236,quadratic,43.935106241273274,1.5884937587267274
2024-10-07,EUR,45.4322,quadratic,43.946424998233184,1.485775001766818
2024-10-08,EUR,45.221,quadratic,43.957753606104106,1.2632463938958907
2024-10-09,EUR,45.2437,quadratic,43.96909206488604,1.2746079351139556
2024-10-10,EUR,45.1274,quadratic,43.98044037457898,1.1469596254210188
2024-10-11,EUR,45.0477,quadratic,43.99179853518294,1.0559014648170617
2024-10-12,EUR,45.0477,quadratic,44.0031665466979,1.0445334533021011
2024-10-13,EUR,45.0477,quadratic,44.01454440912387,1.0331555908761274
2024-10-14,EUR,45.0238,quadratic,44.02593212246085,0.9978678775391501
2024-10-15,EUR,44.9575,quadratic,44.037329686708844,0.920170313291159
2024-10-16,EUR,44.9232,quadratic,44.04873710186784,0.8744628981321583
2024-10-17,EUR,44.9132,quadratic,44.060154367937855,0.8530456320621482
2024-10-18,EUR,44.7937,quadratic,44.07158148491887,0.722118515081128
2024-10-19,EUR,44.7937,quadratic,44.083018452810904,0.7106815471890968
2024-10-20,EUR,44.7937,quadratic,44.09446527161395,0.6992347283860525
2024-10-21,EUR,44.7272,quadratic,44.105921941328,0.6212780586720044
2024-10-22,EUR,44.813,quadratic,44.117388461953055,0.695611538046947
2024-10-23,EUR,44.7081,quadratic,44.12886483348913,0.5792351665108697
2024-10-24,EUR,44.4355,quadratic,44.14035105593621,0.29514894406379
2024-10-25,EUR,44.5413,quadratic,44.151847129294296,0.38945287070570345
2024-10-26,EUR,44.5413,quadratic,44.1633530535634,0.37794694643660165
2024-10-27,EUR,44.5413,quadratic,44.174868828743506,0.3664311712564938
2024-10-28,EUR,44.7136,quadratic,44.18639445483463,0.5272055451653728
2024-10-29,EUR,44.6975,quadratic,44.197929931836754,0.49957006816324423
2024-10-30,EUR,44.6074,quadratic,44.209475259749894,0.3979247402501045
2024-10-31,EUR,44.635,quadratic,44.22103043857405,0.41396956142595087
2024-11-01,EUR,44.8467,quadratic,44.232595468309206,0.614104531690792
2024-11-02,EUR,44.8467,quadratic,44.24417034895537,0.6025296510446267
2024-11-03,EUR,44.8467,quadratic,44.25575508051255,0.5909449194874483
2024-11-04,EUR,44.968,quadratic,44.26734966298074,0.7006503370192618
2024-11-05,EUR,45.1417,quadratic,44.27895409635994,0.8627459036400609
2024-11-06,EUR,45.1503,quadratic,44.29056838065015,0.8597316193498514
2024-11-07,EUR,44.3374,quadratic,44.30219251585137,0.035207484148635615
2024-11-08,EUR,44.5642,quadratic,44.3138265019636,0.25037349803640296
2024-11-09,EUR,44.5642,quadratic,44.32547033898683,0.23872966101316706
2024-11-10,EUR,44.5642,quadratic,44.33712402692108,0.22707597307891803
2024-11-11,EUR,44.4864,quadratic,44.34878756576634,0.13761243423366665
2024-11-12,EUR,43.9949,quadratic,44.360460955522605,-0.3655609555226036
2024-11-13,EUR,43.9416,quadratic,44.37214419618988,-0.43054419618987794
2024-11-14,EUR,43.9499,quadratic,44.38383728776817,-0.433937287768174
2024-11-15,EUR,43.4677,quadratic,44.39554023025747,-0.9278402302574662
2024-11-16,EUR,43.4677,quadratic,44.40725302365777,-0.9395530236577727
2024-11-17,EUR,43.4677,quadratic,44.41897566796909,-0.9512756679690924
2024-11-18,EUR,43.6532,quadratic,44.43070816319142,-0.7775081631914205
2024-11-19,EUR,43.6345,quadratic,44.44245050932476,-0.8079505093247548
2024-11-20,EUR,43.691,quadratic,44.4542027063691,-0.7632027063690998
2024-11-21,EUR,43.5635,quadratic,44.46596475432446,-0.9024647543244626
2024-11-22,EUR,43.4659,quadratic,44.477736653190824,-1.0118366531908265
2024-11-23,EUR,43.4659,quadratic,44.4895184029682,-1.0236184029682036
2024-11-24,EUR,43.4659,quadratic,44.501310003656585,-1.0354100036565868
2024-11-25,EUR,42.9927,quadratic,44.51311145525598,-1.5204114552559815
2024-11-26,EUR,43.4733,quadratic,44.52492275776638,-1.0516227577663813
2024-11-27,EUR,43.6824,quadratic,44.5367439111878,-0.8543439111877973
2024-11-28,EUR,43.8017,quadratic,44.54857491552023,-0.7468749155202303
2024-11-29,EUR,43.8626,quadratic,44.56041577076366,-0.6978157707636612
2024-11-30,EUR,43.8626,quadratic,44.57226647691811,-0.7096664769181089
2024-12-01,EUR,43.8626,quadratic,44.58412703398356,-0.7215270339835627
2024-12-02,EUR,43.901,quadratic,44.59599744196002,-0.6949974419600196
2024-12-03,EUR,43.7242,quadratic,44.6078777008475,-0.8836777008474996
2024-12-04,EUR,43.8238,quadratic,44.61976781064598,-0.7959678106459833
2024-12-05,EUR,43.7043,quadratic,44.63166777135548,-0.9273677713554775
2024-12-06,EUR,43.8146,quadratic,44.64357758297598,-0.8289775829759805
2024-12-07,EUR,43.8146,quadratic,44.6554972455075,-0.8408972455074988
2024-12-08,EUR,43.8146,quadratic,44.66742675895002,-0.8528267589500231
2024-12-09,EUR,43.8567,quadratic,44.67936612330355,-0.8226661233035557
2024-12-10,EUR,43.8525,quadratic,44.691315338568096,-0.8388153385680965
2024-12-11,EUR,43.8215,quadratic,44.70327440474365,-0.881774404743652
2024-12-12,EUR,43.7997,quadratic,44.715243321830215,-0.9155433218302136
2024-12-13,EUR,43.7042,quadratic,44.72722208982779,-1.0230220898277906
2024-12-14,EUR,43.7042,quadratic,44.73921070873637,-1.0350107087363725
2024-12-15,EUR,43.7042,quadratic,44.75120917855597,-1.0470091785559674
2024-12-16,EUR,43.7373,quadratic,44.76321749928657,-1.025917499286571
2024-12-17,EUR,43.8064,quadratic,44.77523567092818,-0.9688356709281862
2024-12-18,EUR,43.9143,quadratic,44.7872636934808,-0.8729636934808056
2024-12-19,EUR,43.9581,quadratic,44.799301566944436,-0.8412015669444344
2024-12-20,EUR,43.577,quadratic,44.811349291319075,-1.2343492913190772
2024-12-21,EUR,43.577,quadratic,44.82340686660473,-1.2464068666047297
2024-12-22,EUR,43.577,quadratic,44.83547429280139,-1.2584742928013952
2024-12-23,EUR,43.5114,quadratic,44.84755156990906,-1.336151569909056
2024-12-24,EUR,43.6454,quadratic,44.85963869792774,-1.2142386979277404
2024-12-25,EUR,43.6334,quadratic,44.87173567685743,-1.2383356768574316
2024-12-26,EUR,43.5159,quadratic,44.88384250669814,-1.3679425066981352
2024-12-27,EUR,43.5122,quadratic,44.89595918744985,-1.3837591874498472
2024-12-28,EUR,43.5122,quadratic,44.90808571911257,-1.3958857191125702
2024-12-29,EUR,43.5122,quadratic,44.9202221016863,-1.4080221016862993
2024-12-30,EUR,43.7479,quadratic,44.93236833517104,-1.18446833517104
2024-12-31,EUR,43.9266,quadratic,44.94452441956679,-1.0179244195667891
2025-01-01,EUR,43.6855,quadratic,44.95669035487355,-1.2711903548735535
2025-01-02,EUR,43.6052,quadratic,44.96886614109132,-1.363666141091315
2025-01-03,EUR,43.3753,quadratic,44.9810517782201,-1.605751778220096
2025-01-04,EUR,43.3753,quadratic,44.99324726625989,-1.6179472662598897
2025-01-05,EUR,43.3753,quadratic,45.00545260521069,-1.6301526052106894
2025-01-06,EUR,43.3347,quadratic,45.0176677950725,-1.6829677950725
2025-01-07,EUR,43.9091,quadratic,45.02989283584532,-1.1207928358453145
2025-01-08,EUR,43.8767,quadratic,45.04212772752915,-1.1654277275291491
2025-01-09,EUR,43.4272,quadratic,45.05437247012399,-1.6271724701239876
2025-01-10,EUR,43.5594,quadratic,45.06662706362984,-1.5072270636298413
2025-01-11,EUR,43.5594,quadratic,45.078891508046695,-1.5194915080466984
2025-01-12,EUR,43.5594,quadratic,45.091165803374565,-1.5317658033745687
2025-01-13,EUR,43.5738,quadratic,45.10344994961344,-1.529649949613443
2025-01-14,EUR,43.1273,quadratic,45.11574394676333,-1.9884439467633328
2025-01-15,EUR,43.3218,quadratic,45.128047794824234,-1.8062477948242304
2025-01-16,EUR,43.5297,quadratic,45.14036149379614,-1.6106614937961439
2025-01-17,EUR,43.32,quadratic,45.15268504367906,-1.8326850436790565
2025-01-18,EUR,43.32,quadratic,45.165018444472985,-1.8450184444729842
2025-01-19,EUR,43.32,quadratic,45.177361696177925,-1.8573616961779251
2025-01-20,EUR,43.3684,quadratic,45.18971479879387,-1.8213147987938711
2025-01-21,EUR,43.4998,quadratic,45.20207775232083,-1.702277752320832
2025-01-22,EUR,43.6419,quadratic,45.2144505567588,-1.5725505567587987
2025-01-23,EUR,43.8735,quadratic,45.22683321210778,-1.3533332121077777
2025-01-24,EUR,43.6709,quadratic,45.23922571836776,-1.5683257183677597
2025-01-25,EUR,43.6709,quadratic,45.25162807553876,-1.580728075538758
2025-01-26,EUR,43.6709,quadratic,45.264040283620766,-1.5931402836207624
2025-01-27,EUR,43.9168,quadratic,45.27646234261378,-1.359662342613781
2025-01-28,EUR,44.146,quadratic,45.28889425251781,-1.1428942525178059
2025-01-29,EUR,43.7843,quadratic,45.30133601333284,-1.5170360133328415
2025-01-30,EUR,43.6192,quadratic,45.31378762505889,-1.6945876250588938
2025-01-31,EUR,43.5097,quadratic,45.32624908769595,-1.8165490876959467
2025-02-01,EUR,43.5097,quadratic,45.33872040124401,-1.8290204012440086
2025-02-02,EUR,43.5097,quadratic,45.35120156570309,-1.8415015657030906
2025-02-03,EUR,43.3244,quadratic,45.363692581073174,-2.039292581073177
2025-02-04,EUR,42.8627,quadratic,45.37619344735427,-2.5134934473542714
2025-02-05,EUR,43.117,quadratic,45.388704164546375,-2.271704164546378
2025-02-06,EUR,43.4081,quadratic,45.40122473264949,-1.9931247326494912
2025-02-07,EUR,42.9792,quadratic,45.413755151663615,-2.4345551516636164
2025-02-08,EUR,42.9792,quadratic,45.426295421588755,-2.447095421588756
2025-02-09,EUR,42.9792,quadratic,45.4388455424249,-2.4596455424249015
2025-02-10,EUR,43.0327,quadratic,45.45140551417205,-2.4187055141720535
2025-02-11,EUR,42.8955,quadratic,45.46397533683022,-2.5684753368302182
2025-02-12,EUR,43.0114,quadratic,45.47655501039939,-2.4651550103993856
2025-02-13,EUR,43.3557,quadratic,45.48914453487957,-2.1334445348795725
2025-02-14,EUR,43.4361,quadratic,45.50174391027077,-2.065643910270765
2025-02-15,EUR,43.4361,quadratic,45.51435313657297,-2.078253136572968
2025-02-16,EUR,43.4361,quadratic,45.52697221378619,-2.0908722137861844
2025-02-17,EUR,43.5907,quadratic,45.53960114191041,-1.9489011419104116
2025-02-18,EUR,43.5168,quadratic,45.552239920945645,-2.0354399209456417
2025-02-19,EUR,43.4661,quadratic,45.56488855089189,-2.0987885508918893
2025-02-20,EUR,43.4737,quadratic,45.57754703174914,-2.1038470317491402
2025-02-21,EUR,43.5511,quadratic,45.5902153635174,-2.0391153635174035
2025-02-22,EUR,43.5511,quadratic,45.602893546196675,-2.051793546196677
2025-02-23,EUR,43.5511,quadratic,45.61558157978696,-2.064481579786964
2025-02-24,EUR,43.5093,quadratic,45.628279464288255,-2.118979464288252
2025-02-25,EUR,43.6448,quadratic,45.640987199700554,-1.9961871997005574
2025-02-26,EUR,43.7892,quadratic,45.653704786023866,-1.8645047860238648
2025-02-27,EUR,43.6252,quadratic,45.66643222325819,-2.0412322232581914
2025-02-28,EUR,43.4942,quadratic,45.67916951140352,-2.184969511403523
2025-03-01,EUR,43.4942,quadratic,45.691916650459866,-2.197716650459867
2025-03-02,EUR,43.4942,quadratic,45.70467364042722,-2.2104736404272174
2025-03-03,EUR,43.1134,quadratic,45.71744048130558,-2.6040404813055815
2025-03-04,EUR,43.5417,quadratic,45.73021717309495,-2.188517173094951
2025-03-05,EUR,43.8775,quadratic,45.74300371579533,-1.8655037157953345
2025-03-06,EUR,44.2493,quadratic,45.75580010940672,-1.5065001094067227
2025-03-07,EUR,44.5596,quadratic,45.76860635392912,-1.2090063539291194
2025-03-08,EUR,44.5596,quadratic,45.78142244936254,-1.2218224493625343
2025-03-09,EUR,44.5596,quadratic,45.79424839570696,-1.2346483957069552
2025-03-10,EUR,44.7281,quadratic,45.807084192962385,-1.0789841929623876
2025-03-11,EUR,44.7716,quadratic,45.819929841128825,-1.048329841128826
2025-03-12,EUR,45.2141,quadratic,45.83278534020628,-0.6186853402062766
2025-03-13,EUR,45.1644,quadratic,45.84565069019474,-0.6812506901947373
2025-03-14,EUR,45.0007,quadratic,45.85852589109421,-0.8578258910942083
2025-03-15,EUR,45.0007,quadratic,45.87141094290469,-0.8707109429046866
2025-03-16,EUR,45.0007,quadratic,45.88430584562618,-0.8836058456261782
2025-03-17,EUR,45.2291,quadratic,45.89721059925868,-0.6681105992586751
2025-03-18,EUR,45.1649,quadratic,45.91012520380219,-0.7452252038021854
2025-03-19,EUR,45.3483,quadratic,45.923049659256705,-0.5747496592567032
2025-03-20,EUR,45.3229,quadratic,45.935983965622235,-0.6130839656222378
2025-03-21,EUR,45.0014,quadratic,45.94892812289878,-0.9475281228987811
2025-03-22,EUR,45.0014,quadratic,45.96188213108633,-0.9604821310863301
2025-03-23,EUR,45.0014,quadratic,45.97484599018488,-0.9734459901848851
2025-03-24,EUR,44.9807,quadratic,45.98781970019445,-1.0071197001944512
2025-03-25,EUR,45.0886,quadratic,46.00080326111503,-0.9122032611150317
2025-03-26,EUR,45.1389,quadratic,46.01379667294662,-0.874896672946619
2025-03-27,EUR,44.823,quadratic,46.02679993568922,-1.2037999356892186
2025-03-28,EUR,44.7471,quadratic,46.039813049342825,-1.2927130493428223
2025-03-29,EUR,44.7471,quadratic,46.052836013907445,-1.3057360139074419
2025-03-30,EUR,44.7471,quadratic,46.06586882938307,-1.3187688293830675
2025-03-31,EUR,44.7472,quadratic,46.07891149576971,-1.33171149576971
2025-04-01,EUR,44.8278,quadratic,46.09196401306736,-1.264164013067358
2025-04-02,EUR,44.6084,quadratic,46.10502638127602,-1.496626381276016
2025-04-03,EUR,44.6339,quadratic,46.11809860039568,-1.4841986003956862
2025-04-04,EUR,45.8531,quadratic,46.13118067042636,-0.27808067042636253
2025-04-05,EUR,45.8531,quadratic,46.14427259136805,-0.29117259136805274
2025-04-06,EUR,45.8531,quadratic,46.15737436322075,-0.30427436322074897
2025-04-07,EUR,45.5524,quadratic,46.17048598598445,-0.6180859859844503
2025-04-08,EUR,45.0532,quadratic,46.18360745965917,-1.1304074596591747
2025-04-09,EUR,45.0258,quadratic,46.19673878424489,-1.1709387842448962
2025-04-10,EUR,45.5471,quadratic,46.209879959741635,-0.6627799597416342
2025-04-11,EUR,45.8415,quadratic,46.223030986149375,-0.38153098614937164
2025-04-12,EUR,45.8415,quadratic,46.236191863468136,-0.39469186346813245
2025-04-13,EUR,45.8415,quadratic,46.2493625916979,-0.4078625916978993
2025-04-14,EUR,46.9153,quadratic,46.262543170838676,0.6527568291613264
2025-04-15,EUR,47.0271,quadratic,46.27573360089046,0.7513663991095356
2025-04-16,EUR,46.6104,quadratic,46.288933881853254,0.32146611814674486
2025-04-17,EUR,46.8205,quadratic,46.30214401372706,0.5183559862729439
2025-04-18,EUR,47.0043,quadratic,46.31536399651188,0.6889360034881236
2025-04-19,EUR,47.0043,quadratic,46.3285938302077,0.6757061697922992
2025-04-20,EUR,47.0043,quadratic,46.34183351481454,0.6624664851854618
2025-04-21,EUR,47.0253,quadratic,46.35508305033238,0.6702169496676191
2025-04-22,EUR,47.7653,quadratic,46.36834243676124,1.3969575632387645
2025-04-23,EUR,47.7131,quadratic,46.3816116741011,1.3314883258988957
2025-04-24,EUR,47.5421,quadratic,46.39489076235198,1.1472092376480205
2025-04-25,EUR,47.4171,quadratic,46.40817970151386,1.0089202984861387
2025-04-26,EUR,47.4171,quadratic,46.421478491586754,0.9956215084132438
2025-04-27,EUR,47.4171,quadratic,46.434787132570655,0.9823128674293429
2025-04-28,EUR,47.3856,quadratic,46.44810562446557,0.9374943755344276
2025-04-29,EUR,47.3921,quadratic,46.461433967271496,0.930666032728503
2025-04-30,EUR,47.284,quadratic,46.47477216098843,0.8092278390115695
2025-05-01,EUR,47.1687,quadratic,46.488120205616376,0.6805797943836254
2025-05-02,EUR,47.0808,quadratic,46.50147810115533,0.5793218988446753
2025-05-03,EUR,47.0808,quadratic,46.51484584760529,0.5659541523947169
2025-05-04,EUR,47.0808,quadratic,46.52822344496626,0.5525765550337454
2025-05-05,EUR,47.3127,quadratic,46.54161089323824,0.7710891067617567
2025-05-06,EUR,47.1868,quadratic,46.55500819242124,0.6317918075787574
2025-05-07,EUR,46.9637,quadratic,46.56841534251524,0.3952846574847655
2025-05-08,EUR,47.0745,quadratic,46.581832343520254,0.4926676564797461
2025-05-09,EUR,46.887,quadratic,46.59525919543628,0.2917408045637231
2025-05-10,EUR,46.887,quadratic,46.608695898263306,0.27830410173669407
2025-05-11,EUR,46.887,quadratic,46.62214245200135,0.2648575479986519
2025-05-12,EUR,46.7528,quadratic,46.635598856650404,0.11720114334959675
2025-05-13,EUR,46.1578,quadratic,46.649065112210465,-0.49126511221046343
2025-05-14,EUR,46.0924,quadratic,46.66254121868153,-0.5701412186815347
2025-05-15,EUR,46.5886,quadratic,46.67602717606361,-0.08742717606361339
2025-05-16,EUR,46.3831,quadratic,46.68952298435671,-0.3064229843567077
2025-05-17,EUR,46.3831,quadratic,46.703028643560806,-0.3199286435608073
2025-05-18,EUR,46.3831,quadratic,46.71654415367592,-0.33344415367592006
2025-05-19,EUR,46.449,quadratic,46.73006951470204,-0.28106951470203967
2025-05-20,EUR,46.8562,quadratic,46.74360472663917,0.11259527336083153
2025-05-21,EUR,46.6521,quadratic,46.757149789487315,-0.10504978948731747
2025-05-22,EUR,46.9138,quadratic,46.770704703246466,0.14309529675353616
2025-05-23,EUR,46.9281,quadratic,46.78426946791662,0.1438305320833777
2025-05-24,EUR,46.9281,quadratic,46.79784408349779,0.13025591650220747
2025-05-25,EUR,46.9281,quadratic,46.81142854998997,0.11667145001003121
2025-05-26,EUR,46.9949,quadratic,46.82502286739316,0.16987713260684245
2025-05-27,EUR,47.295,quadratic,46.83862703570736,0.4563729642926404
2025-05-28,EUR,47.3104,quadratic,46.85224105493257,0.4581589450674315
2025-05-29,EUR,47.0761,quadratic,46.86586492506879,0.2102350749312052
2025-05-30,EUR,46.8026,quadratic,46.87949864611602,-0.07689864611602104
2025-05-31,EUR,46.8026,quadratic,46.89314221807426,-0.09054221807426188
2025-06-01,EUR,46.8026,quadratic,46.90679564094351,-0.10419564094350875
2025-06-02,EUR,47.074,quadratic,46.92045891472377,0.15354108527623112
2025-06-03,EUR,47.5032,quadratic,46.93413203941503,0.5690679605849667
2025-06-04,EUR,47.4263,quadratic,46.94781501501731,0.47848498498268555
2025-06-05,EUR,47.2013,quadratic,46.961507841530604,0.23979215846939894
2025-06-06,EUR,47.3773,quadratic,46.9752105189549,0.40208948104509545
2025-06-07,EUR,47.3773,quadratic,46.988923047290214,0.388376952709784
2025-06-08,EUR,47.3773,quadratic,47.00264542653653,0.37465457346346653
2025-06-09,EUR,47.2726,quadratic,47.016377656693855,0.2562223433061419
2025-06-10,EUR,47.3713,quadratic,47.03011973776219,0.3411802622378062
2025-06-11,EUR,47.5033,quadratic,47.04387166974154,0.4594283302584614
2025-06-12,EUR,47.4562,quadratic,47.0576334526319,0.39856654736810526
2025-06-13,EUR,48.0825,quadratic,47.071405086433266,1.0110949135667369
2025-06-14,EUR,48.0825,quadratic,47.08518657114564,0.9973134288543619
2025-06-15,EUR,48.0825,quadratic,47.09897790676903,0.9835220932309738
2025-06-16,EUR,47.6926,quadratic,47.11277909330343,0.5798209066965683
2025-06-17,EUR,48.0675,quadratic,47.12659013074884,0.9409098692511648
2025-06-18,EUR,48.0159,quadratic,47.14041101910525,0.875488980894751
2025-06-19,EUR,47.9028,quadratic,47.15424175837268,0.7485582416273218
2025-06-20,EUR,47.859,quadratic,47.16808234855111,0.690917651448892
2025-06-21,EUR,47.859,quadratic,47.18193278964056,0.6770672103594393
2025-06-22,EUR,47.859,quadratic,47.195793081641014,0.6632069183589877
2025-06-23,EUR,48.2006,quadratic,47.209663224552486,0.9909367754475156
2025-06-24,EUR,48.0209,quadratic,47.22354321837496,0.7973567816250409
2025-06-25,EUR,48.5084,quadratic,47.23743306310844,1.2709669368915613
2025-06-26,EUR,48.3238,quadratic,47.25133275875294,1.072467241247061
2025-06-27,EUR,48.638,quadratic,47.26524230530845,1.3727576946915505
2025-06-28,EUR,48.638,quadratic,47.27916170277496,1.3588382972250415
2025-06-29,EUR,48.638,quadratic,47.293090951152486,1.3449090488475122
2025-06-30,EUR,48.7823,quadratic,47.30703005044102,1.475269949558978
2025-07-01,EUR,48.9856,quadratic,47.32097900064056,1.6646209993594354
2025-07-02,EUR,49.4093,quadratic,47.33493780175112,2.0743621982488847
2025-07-03,EUR,49.1328,quadratic,47.348906453772685,1.7838935462273184
2025-07-04,EUR,49.1758,quadratic,47.36288495670526,1.812915043294744
2025-07-05,EUR,49.1758,quadratic,47.376873310548845,1.7989266894511573
2025-07-06,EUR,49.1758,quadratic,47.39087151530344,1.7849284846965645
2025-07-07,EUR,49.121,quadratic,47.404879570969044,1.7161204290309584
2025-07-08,EUR,49.0285,quadratic,47.418897477545656,1.6096025224543453
2025-07-09,EUR,49.0563,quadratic,47.43292523503328,1.6233747649667194
2025-07-10,EUR,48.8427,quadratic,47.44696284343191,1.3957371565680887
2025-07-11,EUR,48.975,quadratic,47.461010302741556,1.5139896972584452
2025-07-12,EUR,48.975,quadratic,47.47506761296221,1.499932387037795
2025-07-13,EUR,48.975,quadratic,47.48913477409387,1.4858652259061316
2025-07-14,EUR,48.8416,quadratic,47.503211786136546,1.3383882138634533
2025-07-15,EUR,48.8973,quadratic,47.51729864909023,1.3800013509097724
2025-07-16,EUR,48.8031,quadratic,47.53139536295492,1.271704637045083
2025-07-17,EUR,48.5197,quadratic,47.54550192773062,0.974198072269381
2025-07-18,EUR,48.4527,quadratic,47.559618343417334,0.893081656582666
2025-07-19,EUR,48.4527,quadratic,47.573744610015055,0.8789553899849452
2025-07-20,EUR,48.4527,quadratic,47.58788072752379,0.8648192724762112
2025-07-21,EUR,48.607,quadratic,47.60202669594353,1.0049733040564703
2025-07-22,EUR,48.7907,quadratic,47.61618251527428,1.174517484725719
2025-07-23,EUR,48.8654,quadratic,47.63034818551604,1.2350518144839597
2025-07-24,EUR,48.9821,quadratic,47.644523706668814,1.337576293331189
2025-07-25,EUR,49.1009,quadratic,47.6587090787326,1.4421909212674038
2025-07-26,EUR,49.1009,quadratic,47.67290430170739,1.4279956982926123
2025-07-27,EUR,49.1009,quadratic,47.68710937559319,1.4137906244068148
2025-07-28,EUR,48.9815,quadratic,47.70132430039,1.2801756996099982
2025-07-29,EUR,48.6967,quadratic,47.71554907609782,0.9811509239021774
2025-07-30,EUR,48.224,quadratic,47.72978370271665,0.4942162972833444
2025-07-31,EUR,48.1481,quadratic,47.74402818024649,0.40407181975351136
2025-08-01,EUR,47.7491,quadratic,47.758282508687344,-0.009182508687345603
2025-08-02,EUR,47.7491,quadratic,47.7725466880392,-0.02344668803920058
2025-08-03,EUR,47.7491,quadratic,47.786820718302074,-0.037720718302075795
2025-08-04,EUR,47.6448,quadratic,47.80110459947595,-0.156304599475952
2025-08-05,EUR,48.347,quadratic,47.81539833156084,0.5316016684391585
2025-08-06,EUR,48.0914,quadratic,47.82970191455674,0.2616980854432569
2025-08-07,EUR,48.2854,quadratic,47.84401534846365,0.4413846515363531
2025-08-08,EUR,48.276,quadratic,47.85833863328157,0.4176613667184341
2025-08-09,EUR,48.276,quadratic,47.8726717690105,0.40332823098950144
2025-08-10,EUR,48.276,quadratic,47.88701475565044,0.3889852443495627
2025-08-11,EUR,48.1939,quadratic,47.901367593201385,0.2925324067986139
2025-08-12,EUR,48.1969,quadratic,47.91573028166334,0.28116971833665616
2025-08-13,EUR,48.0758,quadratic,47.930102821036314,0.14569717896368672
2025-08-14,EUR,48.6472,quadratic,47.9444852113203,0.7027147886796996
2025-08-15,EUR,48.4405,quadratic,47.95887745251528,0.48162254748471867
2025-08-16,EUR,48.4405,quadratic,47.97327954462128,0.4672204553787225
2025-08-17,EUR,48.4405,quadratic,47.98769148763829,0.45280851236171316
2025-08-18,EUR,48.3059,quadratic,48.00211328156631,0.30378671843369176
2025-08-19,EUR,48.1739,quadratic,48.01654492640533,0.1573550735946725
2025-08-20,EUR,48.3241,quadratic,48.03098642215537,0.293113577844629
2025-08-21,EUR,48.1684,quadratic,48.04543776881642,0.1229622311835783
2025-08-22,EUR,47.9825,quadratic,48.059898966388474,-0.07739896638847199
2025-08-23,EUR,47.9825,quadratic,48.07437001487155,-0.09187001487154589
2025-08-24,EUR,47.9825,quadratic,48.08885091426562,-0.10635091426561871
2025-08-25,EUR,47.91,quadratic,48.103341664570706,-0.19334166457070978
2025-08-26,EUR,48.4731,quadratic,48.117842265786805,0.35525773421319684
2025-08-27,EUR,48.2655,quadratic,48.13235271791391,0.1331472820860924
2025-08-28,EUR,47.88,quadratic,48.14687302095203,-0.26687302095202625
2025-08-29,EUR,48.1341,quadratic,48.16140317490115,-0.027303174901156524
2025-08-30,EUR,48.1341,quadratic,48.17594317976129,-0.041843179761293925
2025-08-31,EUR,48.1341,quadratic,48.19049303553244,-0.05639303553244446
2025-09-01,EUR,48.196,quadratic,48.20505274221459,-0.009052742214592513
2025-09-02,EUR,48.4675,quadratic,48.21962229980776,0.24787770019224098
2025-09-03,EUR,48.1756,quadratic,48.234201708311936,-0.05860170831193301
2025-09-04,EUR,48.2024,quadratic,48.24879096772712,-0.04639096772712037
2025-09-05,EUR,48.1348,quadratic,48.26339007805332,-0.12859007805332112
2025-09-06,EUR,48.1348,quadratic,48.27799903929052,-0.14319903929052202
2025-09-07,EUR,48.1348,quadratic,48.292617851438735,-0.15781785143873606
2025-09-08,EUR,48.1634,quadratic,48.30724651449796,-0.14384651449795882
2025-09-09,EUR,48.3818,quadratic,48.321885028468195,0.059914971531803474
2025-09-10,EUR,48.2916,quadratic,48.33653339334944,-0.04493339334943869
2025-09-11,EUR,48.2408,quadratic,48.351191609141694,-0.11039160914169344
2025-09-12,EUR,48.2739,quadratic,48.36585967584496,-0.09195967584496145
2025-09-13,EUR,48.2739,quadratic,48.38053759345924,-0.10663759345924007
2025-09-14,EUR,48.2739,quadratic,48.395225361984515,-0.1213253619845176
2025-09-15,EUR,48.3929,quadratic,48.40992298142081,-0.017022981420815597
2025-09-16,EUR,48.4967,quadratic,48.42463045176812,0.07206954823188028
2025-09-17,EUR,48.6567,quadratic,48.43934777302643,0.21735222697357415
2025-09-18,EUR,48.7738,quadratic,48.45407494519576,0.31972505480424473
2025-09-19,EUR,48.785,quadratic,48.468811968276086,0.31618803172391097
2025-09-20,EUR,48.785,quadratic,48.48355884226743,0.30144115773256885
2025-09-21,EUR,48.785,quadratic,48.49831556716978,0.2866844328302136
2025-09-22,EUR,48.4215,quadratic,48.51308214298315,-0.0915821429831496
2025-09-23,EUR,48.7304,quadratic,48.52785856970752,0.2025414302924844
2025-09-24,EUR,48.8012,quadratic,48.5426448473429,0.2585551526571024
2025-09-25,EUR,48.6573,quadratic,48.55744097588929,0.09985902411070668
2025-09-26,EUR,48.7118,quadratic,48.5722469553467,0.13955304465329732
2025-09-27,EUR,48.7118,quadratic,48.58706278571511,0.1247372142848846
2025-09-28,EUR,48.7118,quadratic,48.60188846699453,0.10991153300546586
2025-09-29,EUR,48.4059,quadratic,48.61672399918496,-0.2108239991849601
2025-09-30,EUR,48.4408,quadratic,48.63156938228641,-0.19076938228640472
2025-10-01,EUR,48.3028,quadratic,48.64642461629886,-0.343624616298861
2025-10-02,EUR,48.3734,quadratic,48.661289701222316,-0.28788970122231916
2025-10-03,EUR,48.5039,quadratic,48.67616463705679,-0.17226463705679151
2025-10-04,EUR,48.5039,quadratic,48.69104942380227,-0.18714942380226773
2025-10-05,EUR,48.5039,quadratic,48.705944061458766,-0.2020440614587642
2025-10-06,EUR,48.3818,quadratic,48.72084855002626,-0.3390485500262628
2025-10-07,EUR,48.2696,quadratic,48.73576288950478,-0.4661628895047798
2025-10-08,EUR,48.1742,quadratic,48.7506870798943,-0.5764870798942994
2025-10-09,EUR,48.1386,quadratic,48.765621121194826,-0.6270211211948293
2025-10-10,EUR,48.2053,quadratic,48.78056501340637,-0.5752650134063657
2025-10-11,EUR,48.2053,quadratic,48.79551875652892,-0.5902187565289196
2025-10-12,EUR,48.2053,quadratic,48.81048235056248,-0.6051823505624796
2025-10-13,EUR,48.1094,quadratic,48.82545579550705,-0.7160557955070459
2025-10-14,EUR,48.1347,quadratic,48.840439091362626,-0.7057390913626236
2025-10-15,EUR,48.2354,quadratic,48.85543223812922,-0.6200322381292196
2025-10-16,EUR,48.5301,quadratic,48.870435235806816,-0.340335235806819
2025-10-17,EUR,48.5224,quadratic,48.88544808439543,-0.36304808439543024
2025-10-18,EUR,48.5224,quadratic,48.900470783895045,-0.37807078389504767
2025-10-19,EUR,48.5224,quadratic,48.915503334305676,-0.39310333430567823
2025-10-20,EUR,48.7624,quadratic,48.93054573562731,-0.16814573562731283
2025-10-21,EUR,48.663,quadratic,48.94559798785996,-0.28259798785996537
2025-10-22,EUR,48.4732,quadratic,48.96066009100362,-0.4874600910036193
2025-10-23,EUR,48.369,quadratic,48.975732045058294,-0.606732045058294
2025-10-24,EUR,48.5502,quadratic,48.99081385002397,-0.440613850023972
2025-10-25,EUR,48.5502,quadratic,49.00590550590066,-0.45570550590066006
2025-10-26,EUR,48.5502,quadratic,49.02100701268836,-0.4708070126883612
2025-10-27,EUR,48.7668,quadratic,49.036118370387065,-0.26931837038706163
2025-10-28,EUR,48.9742,quadratic,49.051239578996785,-0.07703957899678215
2025-10-29,EUR,48.9784,quadratic,49.06637063851751,-0.08797063851751119
2025-10-30,EUR,48.8657,quadratic,49.081511548949244,-0.21581154894924737
2025-10-31,EUR,48.5132,quadratic,49.096662310292,-0.5834623102919991
2025-11-01,EUR,48.5132,quadratic,49.111822922545755,-0.5986229225457578
2025-11-02,EUR,48.5132,quadratic,49.12699338571052,-0.6137933857105224
2025-11-03,EUR,48.4088,quadratic,49.1421736997863,-0.7333736997862985
2025-11-04,EUR,48.4269,quadratic,49.15736386477308,-0.7304638647730783
2025-11-05,EUR,48.3329,quadratic,49.17256388067088,-0.8396638806708765
2025-11-06,EUR,48.3351,quadratic,49.18777374747968,-0.8526737474796846
2025-11-07,EUR,48.5224,quadratic,49.202993465199505,-0.6805934651995074
2025-11-08,EUR,48.5224,quadratic,49.21822303383033,-0.6958230338303295
2025-11-09,EUR,48.5224,quadratic,49.23346245337217,-0.7110624533721719
2025-11-10,EUR,48.5058,quadratic,49.24871172382501,-0.74291172382501
2025-11-11,EUR,48.543,quadratic,49.263970845188865,-0.7209708451888659
2025-11-12,EUR,48.6101,quadratic,49.27923981746373,-0.66913981746373
2025-11-13,EUR,48.6544,quadratic,49.29451864064961,-0.6401186406496109
2025-11-14,EUR,48.8827,quadratic,49.30980731474649,-0.4271073147464932
2025-11-15,EUR,48.8827,quadratic,49.325105839754386,-0.44240583975438597
2025-11-16,EUR,48.8827,quadratic,49.34041421567329,-0.45771421567329185
2025-11-17,EUR,48.9835,quadratic,49.35573244250321,-0.3722324425032113
2025-11-18,EUR,48.7872,quadratic,49.371060520244136,-0.5838605202441371
2025-11-19,EUR,48.7914,quadratic,49.386398448896074,-0.5949984488960709
