date,original,trend,seasonal,residual
2022-11-20,37.7681,,,
2022-11-21,37.8906,,,
2022-11-22,37.4481,,,
2022-11-23,37.5541,,,
2022-11-24,37.7461,,,
2022-11-25,38.0716,,,
2022-11-26,38.0716,,,
2022-11-27,38.0716,,,
2022-11-28,37.96,,,
2022-11-29,38.302,,,
2022-11-30,37.9344,,,
2022-12-01,37.9198,,,
2022-12-02,38.205,,,
2022-12-03,38.205,,,
2022-12-04,38.205,,,
2022-12-05,38.5396,,,
2022-12-06,38.7353,,,
2022-12-07,38.4866,,,
2022-12-08,38.5232,,,
2022-12-09,38.4629,,,
2022-12-10,38.4629,,,
2022-12-11,38.4629,,,
2022-12-12,38.6,,,
2022-12-13,38.6,,,
2022-12-14,38.578,,,
2022-12-15,38.9273,,,
2022-12-16,38.8541,,,
2022-12-17,38.8541,,,
2022-12-18,38.8541,,,
2022-12-19,38.8377,,,
2022-12-20,38.7865,,,
2022-12-21,38.8121,,,
2022-12-22,38.8706,,,
2022-12-23,38.8962,,,
2022-12-24,38.8962,,,
2022-12-25,38.8962,,,
2022-12-26,38.834,,,
2022-12-27,38.8432,,,
2022-12-28,38.8852,,,
2022-12-29,38.9437,,,
2022-12-30,38.951,,,
2022-12-31,38.951,,,
2023-01-01,38.951,,,
2023-01-02,39.037,,,
2023-01-03,39.0041,,,
2023-01-04,38.5378,,,
2023-01-05,38.7901,,,
2023-01-06,38.7773,,,
2023-01-07,38.7773,,,
2023-01-08,38.7773,,,
2023-01-09,38.3733,,,
2023-01-10,39.0827,,,
2023-01-11,39.1961,,,
2023-01-12,39.2728,,,
2023-01-13,39.357,,,
2023-01-14,39.357,,,
2023-01-15,39.357,,,
2023-01-16,39.5361,,,
2023-01-17,39.5581,,,
2023-01-18,39.6897,,,
2023-01-19,39.5873,,,
2023-01-20,39.5215,,,
2023-01-21,39.5215,,,
2023-01-22,39.5215,,,
2023-01-23,39.5581,,,
2023-01-24,39.7519,,,
2023-01-25,39.7226,,,
2023-01-26,39.7629,,,
2023-01-27,39.8433,,,
2023-01-28,39.8433,,,
2023-01-29,39.8433,,,
2023-01-30,39.7482,,,
2023-01-31,39.8762,,,
2023-02-01,39.5947,,,
2023-02-02,39.8323,,,
2023-02-03,40.1724,,,
2023-02-04,40.1724,,,
2023-02-05,40.1724,,,
2023-02-06,39.9859,,,
2023-02-07,39.4045,,,
2023-02-08,39.1485,,,
2023-02-09,39.2564,,,
2023-02-10,39.3826,,,
2023-02-11,39.3826,,,
2023-02-12,39.3826,,,
2023-02-13,39.0644,,,
2023-02-14,39.0973,,,
2023-02-15,39.3405,,,
2023-02-16,39.1229,,,
2023-02-17,39.1046,,,
2023-02-18,39.1046,,,
2023-02-19,39.1046,,,
2023-02-20,38.8377,,,
2023-02-21,39.0242,,,
2023-02-22,38.984,,,
2023-02-23,38.9328,,,
2023-02-24,38.8231,,,
2023-02-25,38.8231,,,
2023-02-26,38.8231,,,
2023-02-27,38.6402,,,
2023-02-28,38.611,,,
2023-03-01,38.8231,,,
2023-03-02,39.0754,,,
2023-03-03,38.7847,,,
2023-03-04,38.7847,,,
2023-03-05,38.7847,,,
2023-03-06,38.8048,,,
2023-03-07,38.9126,,,
2023-03-08,39.0132,,,
2023-03-09,38.5671,,,
2023-03-10,38.6201,,,
2023-03-11,38.6201,,,
2023-03-12,38.6201,,,
2023-03-13,38.7426,,,
2023-03-14,39.1046,,,
2023-03-15,39.2728,,,
2023-03-16,38.6183,,,
2023-03-17,38.717,,,
2023-03-18,38.717,,,
2023-03-19,38.717,,,
2023-03-20,38.8523,,,
2023-03-21,39.1485,,,
2023-03-22,39.4228,,,
2023-03-23,39.4264,,,
2023-03-24,39.7665,,,
2023-03-25,39.7665,,,
2023-03-26,39.7665,,,
2023-03-27,39.3076,,,
2023-03-28,39.3899,,,
2023-03-29,39.6111,,,
2023-03-30,39.6989,,,
2023-03-31,39.7812,,,
2023-04-01,39.7812,,,
2023-04-02,39.7812,,,
2023-04-03,39.7373,,,
2023-04-04,39.761,,,
2023-04-05,39.8653,,,
2023-04-06,40.0152,,,
2023-04-07,39.9146,,,
2023-04-08,39.9146,,,
2023-04-09,39.9146,,,
2023-04-10,39.9146,,,
2023-04-11,39.825,,,
2023-04-12,39.8835,,,
2023-04-13,39.9421,,,
2023-04-14,40.2639,,,
2023-04-15,40.2639,,,
2023-04-16,40.2639,,,
2023-04-17,40.4174,,,
2023-04-18,40.1432,,,
2023-04-19,40.1066,,,
2023-04-20,39.9677,,,
2023-04-21,40.0664,,,
2023-04-22,40.0664,,,
2023-04-23,40.0664,,,
2023-04-24,40.1505,,,
2023-04-25,40.2291,,,
2023-04-26,40.2858,,,
2023-04-27,40.3918,,,
2023-04-28,40.3461,,,
2023-04-29,40.3461,,,
2023-04-30,40.3461,,,
2023-05-01,40.1322,,,
2023-05-02,40.2693,,,
2023-05-03,40.1066,,,
2023-05-04,40.3699,,,
2023-05-05,40.4942,,,
2023-05-06,40.4942,,,
2023-05-07,40.4942,,,
2023-05-08,40.2602,,,
2023-05-09,40.348,,,
2023-05-10,40.0883,,,
2023-05-11,40.0444,,,
2023-05-12,39.9713,,,
2023-05-13,39.9713,,,
2023-05-14,39.9713,,,
2023-05-15,39.8287,,,
2023-05-16,39.7702,,,
2023-05-17,39.8104,,,
2023-05-18,39.5947,,,
2023-05-19,39.5471,,,
2023-05-20,39.5471,,,
2023-05-21,39.5471,,,
2023-05-22,39.5179,,,
2023-05-23,39.5691,,,
2023-05-24,39.3972,,,
2023-05-25,39.41,,,
2023-05-26,39.2436,,,
2023-05-27,39.2436,,,
2023-05-28,39.2436,,,
2023-05-29,39.3167,,,
2023-05-30,39.1759,,,
2023-05-31,39.2802,,,
2023-06-01,39.0553,,,
2023-06-02,39.1522,,,
2023-06-03,39.1522,,,
2023-06-04,39.1522,,,
2023-06-05,39.346,,,
2023-06-06,39.0937,,,
2023-06-07,39.0516,,,
2023-06-08,39.1851,,,
2023-06-09,39.2619,,,
2023-06-10,39.2619,,,
2023-06-11,39.2619,,,
2023-06-12,39.4082,,,
2023-06-13,39.357,,,
2023-06-14,39.4721,,,
2023-06-15,39.5069,,,
2023-06-16,39.5691,,,
2023-06-17,39.5691,,,
2023-06-18,39.5691,,,
2023-06-19,40.081,,,
2023-06-20,39.9384,,,
2023-06-21,39.964,,,
2023-06-22,39.9494,,,
2023-06-23,40.1852,,,
2023-06-24,40.1852,,,
2023-06-25,40.1852,,,
2023-06-26,39.7738,,,
2023-06-27,39.9238,,,
2023-06-28,40.0225,,,
2023-06-29,40.0042,,,
2023-06-30,40.0006,,,
2023-07-01,40.0006,,,
2023-07-02,40.0006,,,
2023-07-03,39.6952,,,
2023-07-04,39.8543,,,
2023-07-05,39.8543,,,
2023-07-06,39.7848,,,
2023-07-07,39.8433,,,
2023-07-08,39.8433,,,
2023-07-09,39.8433,,,
2023-07-10,39.8214,,,
2023-07-11,40.0627,,,
2023-07-12,40.167,,,
2023-07-13,40.2803,,,
2023-07-14,40.8581,,,
2023-07-15,40.8581,,,
2023-07-16,40.8581,,,
2023-07-17,41.0483,,,
2023-07-18,41.0812,,,
2023-07-19,41.1506,,,
2023-07-20,41.0117,,,
2023-07-21,40.9897,,,
2023-07-22,40.9897,,,
2023-07-23,40.9897,,,
2023-07-24,40.6643,,,
2023-07-25,40.5838,,,
2023-07-26,40.4046,,,
2023-07-27,40.4558,,,
2023-07-28,40.7228,,,
2023-07-29,40.7228,,,
2023-07-30,40.7228,,,
2023-07-31,40.2584,,,
2023-08-01,40.3242,,,
2023-08-02,40.134,,,
2023-08-03,40.145,,,
2023-08-04,39.9914,,,
2023-08-05,39.9914,,,
2023-08-06,39.9914,,,
2023-08-07,40.0024,,,
2023-08-08,40.1633,,,
2023-08-09,40.0134,,,
2023-08-10,40.1194,,,
2023-08-11,40.284,,,
2023-08-12,40.284,,,
2023-08-13,40.284,,,
2023-08-14,40.2145,,,
2023-08-15,40.006,,,
2023-08-16,39.9658,,,
2023-08-17,39.911,,,
2023-08-18,39.8415,,,
2023-08-19,39.8415,,,
2023-08-20,39.8415,,,
2023-08-21,39.7245,,,
2023-08-22,39.889,,,
2023-08-23,39.8086,,,
2023-08-24,39.5343,,,
2023-08-25,39.655,,,
2023-08-26,39.655,,,
2023-08-27,39.655,,,
2023-08-28,39.5051,,,
2023-08-29,39.516,,,
2023-08-30,39.516,,,
2023-08-31,39.7903,,,
2023-09-01,39.7391,,,
2023-09-02,39.7391,,,
2023-09-03,39.7391,,,
2023-09-04,39.6221,,,
2023-09-05,39.4977,,,
2023-09-06,39.2527,,,
2023-09-07,39.2856,,,
2023-09-08,39.1467,,,
2023-09-09,39.1467,,,
2023-09-10,39.1467,,,
2023-09-11,39.1247,,,
2023-09-12,39.1979,,,
2023-09-13,39.1906,,,
2023-09-14,39.2674,,,
2023-09-15,39.2381,,,
2023-09-16,39.2381,,,
2023-09-17,39.2381,,,
2023-09-18,38.9602,,,
2023-09-19,38.9931,,,
2023-09-20,39.154,,,
2023-09-21,39.1394,,,
2023-09-22,38.8944,,,
2023-09-23,38.8944,,,
2023-09-24,38.8944,,,
2023-09-25,38.898,,,
2023-09-26,38.8724,,,
2023-09-27,38.7609,,,
2023-09-28,38.5506,,,
2023-09-29,38.5543,,,
2023-09-30,38.5543,,,
2023-10-01,38.5543,,,
2023-10-02,38.7408,,,
2023-10-03,38.5177,,,
2023-10-04,38.3263,,,
2023-10-05,38.4288,,,
2023-10-06,38.5406,,,
2023-10-07,38.5406,,,
2023-10-08,38.5406,,,
2023-10-09,38.6533,,,
2023-10-10,38.4827,,,
2023-10-11,38.6049,,,
2023-10-12,38.6394,,,
2023-10-13,38.6422,,,
2023-10-14,38.6422,,,
2023-10-15,38.6422,,,
2023-10-16,38.2782,,,
2023-10-17,38.2806,,,
2023-10-18,38.5503,,,
2023-10-19,38.609,,,
2023-10-20,38.6511,,,
2023-10-21,38.6511,,,
2023-10-22,38.6511,,,
2023-10-23,38.7033,,,
2023-10-24,38.7613,,,
2023-10-25,38.9091,,,
2023-10-26,38.6171,,,
2023-10-27,38.4687,,,
2023-10-28,38.4687,,,
2023-10-29,38.4687,,,
2023-10-30,38.3774,,,
2023-10-31,38.5624,,,
2023-11-01,38.5451,,,
2023-11-02,38.2311,,,
2023-11-03,38.6703,,,
2023-11-04,38.6703,,,
2023-11-05,38.6703,,,
2023-11-06,38.7278,,,
2023-11-07,38.7206,,,
2023-11-08,38.484,,,
2023-11-09,38.4518,,,
2023-11-10,38.5225,,,
2023-11-11,38.5225,,,
2023-11-12,38.5225,,,
2023-11-13,38.542,,,
2023-11-14,38.5945,,,
2023-11-15,38.9392,,,
2023-11-16,39.3939,,,
2023-11-17,39.3054,,,
2023-11-18,39.3054,,,
2023-11-19,39.3054,,,
2023-11-20,39.2582,,,
2023-11-21,39.3986,,,
2023-11-22,39.466,,,
2023-11-23,39.3352,,,
2023-11-24,39.27,,,
2023-11-25,39.27,,,
2023-11-26,39.27,,,
2023-11-27,39.358,,,
2023-11-28,39.6579,,,
2023-11-29,39.8172,,,
2023-11-30,39.9582,,,
2023-12-01,39.7235,,,
2023-12-02,39.7235,,,
2023-12-03,39.7235,,,
2023-12-04,39.6582,,,
2023-12-05,39.7135,,,
2023-12-06,39.6461,,,
2023-12-07,39.5433,,,
2023-12-08,39.496,,,
2023-12-09,39.496,,,
2023-12-10,39.496,,,
2023-12-11,39.601,,,
2023-12-12,39.6738,,,
2023-12-13,39.9376,,,
2023-12-14,39.9217,,,
2023-12-15,40.413,,,
2023-12-16,40.413,,,
2023-12-17,40.413,,,
2023-12-18,40.5122,,,
2023-12-19,40.5918,,,
2023-12-20,40.9219,,,
2023-12-21,41.0664,,,
2023-12-22,41.2846,,,
2023-12-23,41.2846,,,
2023-12-24,41.2846,,,
2023-12-25,41.3753,,,
2023-12-26,41.3611,,,
2023-12-27,41.1538,,,
2023-12-28,41.6334,,,
2023-12-29,42.2079,,,
2023-12-30,42.2079,,,
2023-12-31,42.2079,,,
2024-01-01,41.996,,,
2024-01-02,42.0059,,,
2024-01-03,41.7209,,,
2024-01-04,41.6073,,,
2024-01-05,41.6665,,,
2024-01-06,41.6665,,,
2024-01-07,41.6665,,,
2024-01-08,41.573,,,
2024-01-09,41.7973,,,
2024-01-10,41.8185,,,
2024-01-11,41.8015,,,
2024-01-12,41.741,,,
2024-01-13,41.741,,,
2024-01-14,41.741,,,
2024-01-15,41.3879,,,
2024-01-16,41.4763,,,
2024-01-17,41.2848,,,
2024-01-18,41.21,,,
2024-01-19,41.0146,,,
2024-01-20,41.0146,,,
2024-01-21,41.0146,,,
2024-01-22,40.8404,,,
2024-01-23,40.7928,,,
2024-01-24,40.6905,,,
2024-01-25,40.8837,,,
2024-01-26,40.9161,,,
2024-01-27,40.9161,,,
2024-01-28,40.9161,,,
2024-01-29,41.0567,,,
2024-01-30,41.0042,,,
2024-01-31,41.0845,,,
2024-02-01,40.7067,,,
2024-02-02,40.6695,,,
2024-02-03,40.6695,,,
2024-02-04,40.6695,,,
2024-02-05,40.8797,,,
2024-02-06,40.3747,,,
2024-02-07,40.3946,,,
2024-02-08,40.5035,,,
2024-02-09,40.4129,,,
2024-02-10,40.4129,,,
2024-02-11,40.4129,,,
2024-02-12,40.5129,,,
2024-02-13,40.8092,,,
2024-02-14,41.1212,,,
2024-02-15,40.8684,,,
2024-02-16,40.7718,,,
2024-02-17,40.7718,,,
2024-02-18,40.7718,,,
2024-02-19,40.8919,,,
2024-02-20,41.2403,,,
2024-02-21,41.5421,,,
2024-02-22,41.7213,,,
2024-02-23,41.728,,,
2024-02-24,41.728,,,
2024-02-25,41.728,,,
2024-02-26,41.5628,,,
2024-02-27,41.5985,,,
2024-02-28,41.7179,,,
2024-02-29,41.2968,,,
2024-03-01,41.2035,,,
2024-03-02,41.2035,,,
2024-03-03,41.2035,,,
2024-03-04,41.2635,,,
2024-03-05,41.5433,,,
2024-03-06,41.6463,,,
2024-03-07,41.5918,,,
2024-03-08,41.4883,,,
2024-03-09,41.4883,,,
2024-03-10,41.4883,,,
2024-03-11,41.6957,,,
2024-03-12,41.9559,,,
2024-03-13,42.0414,,,
2024-03-14,42.4183,,,
2024-03-15,42.287,,,
2024-03-16,42.287,,,
2024-03-17,42.287,,,
2024-03-18,42.2452,,,
2024-03-19,42.447,,,
2024-03-20,42.4641,,,
2024-03-21,42.4394,,,
2024-03-22,42.4693,,,
2024-03-23,42.4693,,,
2024-03-24,42.4693,,,
2024-03-25,42.1252,,,
2024-03-26,42.4898,,,
2024-03-27,42.6911,,,
2024-03-28,42.442,,,
2024-03-29,42.367,,,
2024-03-30,42.367,,,
2024-03-31,42.367,,,
2024-04-01,42.1601,,,
2024-04-02,42.1384,,,
2024-04-03,42.2768,,,
2024-04-04,42.2643,,,
2024-04-05,42.3485,,,
2024-04-06,42.3485,,,
2024-04-07,42.3485,,,
2024-04-08,42.091,,,
2024-04-09,42.2008,,,
2024-04-10,42.3519,,,
2024-04-11,42.3616,,,
2024-04-12,42.019,,,
2024-04-13,42.019,,,
2024-04-14,42.019,,,
2024-04-15,41.9678,,,
2024-04-16,42.1618,,,
2024-04-17,42.1222,,,
2024-04-18,42.0562,,,
2024-04-19,42.2789,,,
2024-04-20,42.2789,,,
2024-04-21,42.2789,,,
2024-04-22,42.3821,,,
2024-04-23,42.3118,,,
2024-04-24,42.262,,,
2024-04-25,42.1833,,,
2024-04-26,42.5205,,,
2024-04-27,42.5205,,,
2024-04-28,42.5205,,,
2024-04-29,42.4409,,,
2024-04-30,42.4972,,,
2024-05-01,42.3641,,,
2024-05-02,42.2986,,,
2024-05-03,42.3098,,,
2024-05-04,42.3098,,,
2024-05-05,42.3098,,,
2024-05-06,42.3359,,,
2024-05-07,42.3983,,,
2024-05-08,42.3087,,,
2024-05-09,42.3168,,,
2024-05-10,42.4312,,,
2024-05-11,42.4312,,,
2024-05-12,42.4312,,,
2024-05-13,42.8148,,,
2024-05-14,42.7495,,,
2024-05-15,42.8305,,,
2024-05-16,42.8501,,,
2024-05-17,42.8452,,,
2024-05-18,42.8452,,,
2024-05-19,42.8452,,,
2024-05-20,42.7549,,,
2024-05-21,43.0802,,,
2024-05-22,43.2643,,,
2024-05-23,43.1106,,,
2024-05-24,43.3137,,,
2024-05-25,43.3137,,,
2024-05-26,43.3137,,,
2024-05-27,43.491,,,
2024-05-28,43.759,,,
2024-05-29,43.9708,,,
2024-05-30,43.9202,,,
2024-05-31,43.8171,,,
2024-06-01,43.8171,,,
2024-06-02,43.8171,,,
2024-06-03,43.985,,,
2024-06-04,43.8939,,,
2024-06-05,43.7671,,,
2024-06-06,43.6083,,,
2024-06-07,43.627,,,
2024-06-08,43.627,,,
2024-06-09,43.627,,,
2024-06-10,43.8709,,,
2024-06-11,43.4726,,,
2024-06-12,43.4594,,,
2024-06-13,43.532,,,
2024-06-14,43.885,,,
2024-06-15,43.885,,,
2024-06-16,43.885,,,
2024-06-17,43.4782,,,
2024-06-18,43.5366,,,
2024-06-19,43.4486,,,
2024-06-20,43.5744,,,
2024-06-21,43.4276,,,
2024-06-22,43.4276,,,
2024-06-23,43.4276,,,
2024-06-24,43.2347,,,
2024-06-25,43.5188,,,
2024-06-26,43.545,,,
2024-06-27,43.3133,,,
2024-06-28,43.3547,,,
2024-06-29,43.3547,,,
2024-06-30,43.3547,,,
2024-07-01,43.2658,,,
2024-07-02,43.6853,,,
2024-07-03,43.6977,,,
2024-07-04,43.8495,,,
2024-07-05,43.7814,,,
2024-07-06,43.7814,,,
2024-07-07,43.7814,,,
2024-07-08,43.8624,,,
2024-07-09,44.0781,,,
2024-07-10,44.0846,,,
2024-07-11,44.0776,,,
2024-07-12,44.3818,,,
2024-07-13,44.3818,,,
2024-07-14,44.3818,,,
2024-07-15,44.686,,,
2024-07-16,44.7263,,,
2024-07-17,44.9789,,,
2024-07-18,45.3457,,,
2024-07-19,45.2618,,,
2024-07-20,45.2618,,,
2024-07-21,45.2618,,,
2024-07-22,45.186,,,
2024-07-23,44.9952,,,
2024-07-24,44.7693,,,
2024-07-25,44.7044,,,
2024-07-26,44.683,,,
2024-07-27,44.683,,,
2024-07-28,44.683,,,
2024-07-29,44.6324,,,
2024-07-30,44.4055,,,
2024-07-31,44.4181,,,
2024-08-01,44.4016,,,
2024-08-02,44.4013,,,
2024-08-03,44.4013,,,
2024-08-04,44.4013,,,
2024-08-05,44.6467,,,
2024-08-06,45.1474,,,
2024-08-07,44.7931,,,
2024-08-08,44.7676,,,
2024-08-09,44.809,,,
2024-08-10,44.809,,,
2024-08-11,44.809,,,
2024-08-12,44.8855,,,
2024-08-13,45.1058,,,
2024-08-14,45.1957,,,
2024-08-15,45.5497,,,
2024-08-16,45.3055,,,
2024-08-17,45.3055,,,
2024-08-18,45.3055,,,
2024-08-19,45.2991,,,
2024-08-20,45.6085,,,
2024-08-21,45.8195,,,
2024-08-22,45.898,,,
2024-08-23,45.9826,,,
2024-08-24,45.9826,,,
2024-08-25,45.9826,,,
2024-08-26,45.8406,,,
2024-08-27,46.1816,,,
2024-08-28,46.1041,,,
2024-08-29,45.8791,,,
2024-08-30,45.7045,,,
2024-08-31,45.7045,,,
2024-09-01,45.7045,,,
2024-09-02,45.5018,,,
2024-09-03,45.4622,,,
2024-09-04,45.5431,,,
2024-09-05,45.6065,,,
2024-09-06,45.5882,,,
2024-09-07,45.5882,,,
2024-09-08,45.5882,,,
2024-09-09,45.5574,,,
2024-09-10,45.383,,,
2024-09-11,45.3774,,,
2024-09-12,45.4894,,,
2024-09-13,45.4595,,,
2024-09-14,45.4595,,,
2024-09-15,45.4595,,,
2024-09-16,45.7959,,,
2024-09-17,46.0079,,,
2024-09-18,46.1245,,,
2024-09-19,46.1099,,,
2024-09-20,46.2396,,,
2024-09-21,46.2396,,,
2024-09-22,46.2396,,,
2024-09-23,46.1486,,,
2024-09-24,45.9928,,,
2024-09-25,46.0414,,,
2024-09-26,46.1958,,,
2024-09-27,45.9598,,,
2024-09-28,45.9598,,,
2024-09-29,45.9598,,,
2024-09-30,45.9541,,,
2024-10-01,46.1539,,,
2024-10-02,45.7106,,,
2024-10-03,45.7147,,,
2024-10-04,45.5236,,,
2024-10-05,45.5236,,,
2024-10-06,45.5236,,,
2024-10-07,45.4322,,,
2024-10-08,45.221,,,
2024-10-09,45.2437,,,
2024-10-10,45.1274,,,
2024-10-11,45.0477,,,
2024-10-12,45.0477,,,
2024-10-13,45.0477,,,
2024-10-14,45.0238,,,
2024-10-15,44.9575,,,
2024-10-16,44.9232,,,
2024-10-17,44.9132,,,
2024-10-18,44.7937,,,
2024-10-19,44.7937,,,
2024-10-20,44.7937,,,
2024-10-21,44.7272,,,
2024-10-22,44.813,,,
2024-10-23,44.7081,,,
2024-10-24,44.4355,,,
2024-10-25,44.5413,,,
2024-10-26,44.5413,,,
2024-10-27,44.5413,,,
2024-10-28,44.7136,,,
2024-10-29,44.6975,,,
2024-10-30,44.6074,,,
2024-10-31,44.635,,,
2024-11-01,44.8467,,,
2024-11-02,44.8467,,,
2024-11-03,44.8467,,,
2024-11-04,44.968,,,
2024-11-05,45.1417,,,
2024-11-06,45.1503,,,
2024-11-07,44.3374,,,
2024-11-08,44.5642,,,
2024-11-09,44.5642,,,
2024-11-10,44.5642,,,
2024-11-11,44.4864,,,
2024-11-12,43.9949,,,
2024-11-13,43.9416,,,
2024-11-14,43.9499,,,
2024-11-15,43.4677,,,
2024-11-16,43.4677,,,
2024-11-17,43.4677,,,
2024-11-18,43.6532,,,
2024-11-19,43.6345,,,
2024-11-20,43.691,,,
2024-11-21,43.5635,,,
2024-11-22,43.4659,,,
2024-11-23,43.4659,,,
2024-11-24,43.4659,,,
2024-11-25,42.9927,,,
2024-11-26,43.4733,,,
2024-11-27,43.6824,,,
2024-11-28,43.8017,,,
2024-11-29,43.8626,,,
2024-11-30,43.8626,,,
2024-12-01,43.8626,,,
2024-12-02,43.901,,,
2024-12-03,43.7242,,,
2024-12-04,43.8238,,,
2024-12-05,43.7043,,,
2024-12-06,43.8146,,,
2024-12-07,43.8146,,,
2024-12-08,43.8146,,,
2024-12-09,43.8567,,,
2024-12-10,43.8525,,,
2024-12-11,43.8215,,,
2024-12-12,43.7997,,,
2024-12-13,43.7042,,,
2024-12-14,43.7042,,,
2024-12-15,43.7042,,,
2024-12-16,43.7373,,,
2024-12-17,43.8064,,,
2024-12-18,43.9143,,,
2024-12-19,43.9581,,,
2024-12-20,43.577,,,
2024-12-21,43.577,,,
2024-12-22,43.577,,,
2024-12-23,43.5114,,,
2024-12-24,43.6454,,,
2024-12-25,43.6334,,,
2024-12-26,43.5159,,,
2024-12-27,43.5122,,,
2024-12-28,43.5122,,,
2024-12-29,43.5122,,,
2024-12-30,43.7479,,,
2024-12-31,43.9266,,,
2025-01-01,43.6855,,,
2025-01-02,43.6052,,,
2025-01-03,43.3753,,,
2025-01-04,43.3753,,,
2025-01-05,43.3753,,,
2025-01-06,43.3347,,,
2025-01-07,43.9091,,,
2025-01-08,43.8767,,,
2025-01-09,43.4272,,,
2025-01-10,43.5594,,,
2025-01-11,43.5594,,,
2025-01-12,43.5594,,,
2025-01-13,43.5738,,,
2025-01-14,43.1273,,,
2025-01-15,43.3218,,,
2025-01-16,43.5297,,,
2025-01-17,43.32,,,
2025-01-18,43.32,,,
2025-01-19,43.32,,,
2025-01-20,43.3684,,,
2025-01-21,43.4998,,,
2025-01-22,43.6419,,,
2025-01-23,43.8735,,,
2025-01-24,43.6709,,,
2025-01-25,43.6709,,,
2025-01-26,43.6709,,,
2025-01-27,43.9168,,,
2025-01-28,44.146,,,
2025-01-29,43.7843,,,
2025-01-30,43.6192,,,
2025-01-31,43.5097,,,
2025-02-01,43.5097,,,
2025-02-02,43.5097,,,
2025-02-03,43.3244,,,
2025-02-04,42.8627,,,
2025-02-05,43.117,,,
2025-02-06,43.4081,,,
2025-02-07,42.9792,,,
2025-02-08,42.9792,,,
2025-02-09,42.9792,,,
2025-02-10,43.0327,,,
2025-02-11,42.8955,,,
2025-02-12,43.0114,,,
2025-02-13,43.3557,,,
2025-02-14,43.4361,,,
2025-02-15,43.4361,,,
2025-02-16,43.4361,,,
2025-02-17,43.5907,,,
2025-02-18,43.5168,,,
2025-02-19,43.4661,,,
2025-02-20,43.4737,,,
2025-02-21,43.5511,,,
2025-02-22,43.5511,,,
2025-02-23,43.5511,,,
2025-02-24,43.5093,,,
2025-02-25,43.6448,,,
2025-02-26,43.7892,,,
2025-02-27,43.6252,,,
2025-02-28,43.4942,,,
2025-03-01,43.4942,,,
2025-03-02,43.4942,,,
2025-03-03,43.1134,,,
2025-03-04,43.5417,,,
2025-03-05,43.8775,,,
2025-03-06,44.2493,,,
2025-03-07,44.5596,,,
2025-03-08,44.5596,,,
2025-03-09,44.5596,,,
2025-03-10,44.7281,,,
2025-03-11,44.7716,,,
2025-03-12,45.2141,,,
2025-03-13,45.1644,,,
2025-03-14,45.0007,,,
2025-03-15,45.0007,,,
2025-03-16,45.0007,,,
2025-03-17,45.2291,,,
2025-03-18,45.1649,,,
2025-03-19,45.3483,,,
2025-03-20,45.3229,,,
2025-03-21,45.0014,,,
2025-03-22,45.0014,,,
2025-03-23,45.0014,,,
2025-03-24,44.9807,,,
2025-03-25,45.0886,,,
2025-03-26,45.1389,,,
2025-03-27,44.823,,,
2025-03-28,44.7471,,,
2025-03-29,44.7471,,,
2025-03-30,44.7471,,,
2025-03-31,44.7472,,,
2025-04-01,44.8278,,,
2025-04-02,44.6084,,,
2025-04-03,44.6339,,,
2025-04-04,45.8531,,,
2025-04-05,45.8531,,,
2025-04-06,45.8531,,,
2025-04-07,45.5524,,,
2025-04-08,45.0532,,,
2025-04-09,45.0258,,,
2025-04-10,45.5471,,,
2025-04-11,45.8415,,,
2025-04-12,45.8415,,,
2025-04-13,45.8415,,,
2025-04-14,46.9153,,,
2025-04-15,47.0271,,,
2025-04-16,46.6104,,,
2025-04-17,46.8205,,,
2025-04-18,47.0043,,,
2025-04-19,47.0043,,,
2025-04-20,47.0043,,,
2025-04-21,47.0253,,,
2025-04-22,47.7653,,,
2025-04-23,47.7131,,,
2025-04-24,47.5421,,,
2025-04-25,47.4171,,,
2025-04-26,47.4171,,,
2025-04-27,47.4171,,,
2025-04-28,47.3856,,,
2025-04-29,47.3921,,,
2025-04-30,47.284,,,
2025-05-01,47.1687,,,
2025-05-02,47.0808,,,
2025-05-03,47.0808,,,
2025-05-04,47.0808,,,
2025-05-05,47.3127,,,
2025-05-06,47.1868,,,
2025-05-07,46.9637,,,
2025-05-08,47.0745,,,
2025-05-09,46.887,,,
2025-05-10,46.887,,,
2025-05-11,46.887,,,
2025-05-12,46.7528,,,
2025-05-13,46.1578,,,
2025-05-14,46.0924,,,
2025-05-15,46.5886,,,
2025-05-16,46.3831,,,
2025-05-17,46.3831,,,
2025-05-18,46.3831,,,
2025-05-19,46.449,,,
2025-05-20,46.8562,,,
2025-05-21,46.6521,,,
2025-05-22,46.9138,,,
2025-05-23,46.9281,,,
2025-05-24,46.9281,,,
2025-05-25,46.9281,,,
2025-05-26,46.9949,,,
2025-05-27,47.295,,,
2025-05-28,47.3104,,,
2025-05-29,47.0761,,,
2025-05-30,46.8026,,,
2025-05-31,46.8026,,,
2025-06-01,46.8026,,,
2025-06-02,47.074,,,
2025-06-03,47.5032,,,
2025-06-04,47.4263,,,
2025-06-05,47.2013,,,
2025-06-06,47.3773,,,
2025-06-07,47.3773,,,
2025-06-08,47.3773,,,
2025-06-09,47.2726,,,
2025-06-10,47.3713,,,
2025-06-11,47.5033,,,
2025-06-12,47.4562,,,
2025-06-13,48.0825,,,
2025-06-14,48.0825,,,
2025-06-15,48.0825,,,
2025-06-16,47.6926,,,
2025-06-17,48.0675,,,
2025-06-18,48.0159,,,
2025-06-19,47.9028,,,
2025-06-20,47.859,,,
2025-06-21,47.859,,,
2025-06-22,47.859,,,
2025-06-23,48.2006,,,
2025-06-24,48.0209,,,
2025-06-25,48.5084,,,
2025-06-26,48.3238,,,
2025-06-27,48.638,,,
2025-06-28,48.638,,,
2025-06-29,48.638,,,
2025-06-30,48.7823,,,
2025-07-01,48.9856,,,
2025-07-02,49.4093,,,
2025-07-03,49.1328,,,
2025-07-04,49.1758,,,
2025-07-05,49.1758,,,
2025-07-06,49.1758,,,
2025-07-07,49.121,,,
2025-07-08,49.0285,,,
2025-07-09,49.0563,,,
2025-07-10,48.8427,,,
2025-07-11,48.975,,,
2025-07-12,48.975,,,
2025-07-13,48.975,,,
2025-07-14,48.8416,,,
2025-07-15,48.8973,,,
2025-07-16,48.8031,,,
2025-07-17,48.5197,,,
2025-07-18,48.4527,,,
2025-07-19,48.4527,,,
2025-07-20,48.4527,,,
2025-07-21,48.607,,,
2025-07-22,48.7907,,,
2025-07-23,48.8654,,,
2025-07-24,48.9821,,,
2025-07-25,49.1009,,,
2025-07-26,49.1009,,,
2025-07-27,49.1009,,,
2025-07-28,48.9815,,,
2025-07-29,48.6967,,,
2025-07-30,48.224,,,
2025-07-31,48.1481,,,
2025-08-01,47.7491,,,
2025-08-02,47.7491,,,
2025-08-03,47.7491,,,
2025-08-04,47.6448,,,
2025-08-05,48.347,,,
2025-08-06,48.0914,,,
2025-08-07,48.2854,,,
2025-08-08,48.276,,,
2025-08-09,48.276,,,
2025-08-10,48.276,,,
2025-08-11,48.1939,,,
2025-08-12,48.1969,,,
2025-08-13,48.0758,,,
2025-08-14,48.6472,,,
2025-08-15,48.4405,,,
2025-08-16,48.4405,,,
2025-08-17,48.4405,,,
2025-08-18,48.3059,,,
2025-08-19,48.1739,,,
2025-08-20,48.3241,,,
2025-08-21,48.1684,,,
2025-08-22,47.9825,,,
2025-08-23,47.9825,,,
2025-08-24,47.9825,,,
2025-08-25,47.91,,,
2025-08-26,48.4731,,,
2025-08-27,48.2655,,,
2025-08-28,47.88,,,
2025-08-29,48.1341,,,
2025-08-30,48.1341,,,
2025-08-31,48.1341,,,
2025-09-01,48.196,,,
2025-09-02,48.4675,,,
2025-09-03,48.1756,,,
2025-09-04,48.2024,,,
2025-09-05,48.1348,,,
2025-09-06,48.1348,,,
2025-09-07,48.1348,,,
2025-09-08,48.1634,,,
2025-09-09,48.3818,,,
2025-09-10,48.2916,,,
2025-09-11,48.2408,,,
2025-09-12,48.2739,,,
2025-09-13,48.2739,,,
2025-09-14,48.2739,,,
2025-09-15,48.3929,,,
2025-09-16,48.4967,,,
2025-09-17,48.6567,,,
2025-09-18,48.7738,,,
2025-09-19,48.785,,,
2025-09-20,48.785,,,
2025-09-21,48.785,,,
2025-09-22,48.4215,,,
2025-09-23,48.7304,,,
2025-09-24,48.8012,,,
2025-09-25,48.6573,,,
2025-09-26,48.7118,,,
2025-09-27,48.7118,,,
2025-09-28,48.7118,,,
2025-09-29,48.4059,,,
2025-09-30,48.4408,,,
2025-10-01,48.3028,,,
2025-10-02,48.3734,,,
2025-10-03,48.5039,,,
2025-10-04,48.5039,,,
2025-10-05,48.5039,,,
2025-10-06,48.3818,,,
2025-10-07,48.2696,,,
2025-10-08,48.1742,,,
2025-10-09,48.1386,,,
2025-10-10,48.2053,,,
2025-10-11,48.2053,,,
2025-10-12,48.2053,,,
2025-10-13,48.1094,,,
2025-10-14,48.1347,,,
2025-10-15,48.2354,,,
2025-10-16,48.5301,,,
2025-10-17,48.5224,,,
2025-10-18,48.5224,,,
2025-10-19,48.5224,,,
2025-10-20,48.7624,,,
2025-10-21,48.663,,,
2025-10-22,48.4732,,,
2025-10-23,48.369,,,
2025-10-24,48.5502,,,
2025-10-25,48.5502,,,
2025-10-26,48.5502,,,
2025-10-27,48.7668,,,
2025-10-28,48.9742,,,
2025-10-29,48.9784,,,
2025-10-30,48.8657,,,
2025-10-31,48.5132,,,
2025-11-01,48.5132,,,
2025-11-02,48.5132,,,
2025-11-03,48.4088,,,
2025-11-04,48.4269,,,
2025-11-05,48.3329,,,
2025-11-06,48.3351,,,
2025-11-07,48.5224,,,
2025-11-08,48.5224,,,
2025-11-09,48.5224,,,
2025-11-10,48.5058,,,
2025-11-11,48.543,,,
2025-11-12,48.6101,,,
2025-11-13,48.6544,,,
2025-11-14,48.8827,,,
2025-11-15,48.8827,,,
2025-11-16,48.8827,,,
2025-11-17,48.9835,,,
2025-11-18,48.7872,,,
2025-11-19,48.7914,,,
,,37.87021566257208,0.005900888578358337,-0.10801655115044184
,,37.90143384885574,0.030984444683427478,-0.04181829353916555
,,37.93247699969295,-0.271861664303493,-0.21251533538946177
,,37.96333727028442,-0.22949419421265543,-0.17974307607176598
,,37.99400941304151,-0.16200713712872072,-0.08590227591279387
,,38.02449076276558,0.04462899754258904,0.002480239691827535
,,38.054780035646814,-0.008951728084230373,0.0257716924374094
,,38.084876202117655,0.01879234092570213,-0.03206854304335849
,,38.114778232418374,-0.05956823404289324,-0.09520999837548061
,,38.14448582073468,0.14022048154802785,0.01729369771729239
,,38.173999970351964,-0.11951473473801372,-0.12008523561395634
,,38.20332251183349,-0.18339898571349425,-0.10012352611999376
,,38.23245719392633,-0.009794474745097495,-0.017662719181231523
,,38.26140987673267,-0.036752274078619904,-0.01965760265404981
,,38.29018801218716,-0.025833306134956047,-0.059354706052204165
,,38.318800858181774,0.017245009968537613,0.2035541318496854
,,38.34725966665981,0.201073431590888,0.18696690174930808
,,38.37557572911161,-0.0013006940140299558,0.11232496490242028
,,38.40376017404561,-0.022869195385476743,0.14230902133986945
,,38.43182482460697,-0.14600658523533305,0.17708176062836145
,,38.45978228293539,-0.3716309418590857,0.3747486589236928
,,38.48764501276241,-0.08724509321123114,0.06250008044882094
,,38.51542304953884,0.05177425598700896,0.032802694474156624
,,38.543125292020704,0.0528334488084587,0.004041259170840306
,,38.5707572132371,0.03128303786595521,-0.024040251103052412
,,38.598311550613225,0.14214547905850003,0.18684297032827857
,,38.62574326194526,0.11019693117593082,0.11815980687881478
,,38.65291187742833,0.19570384054891155,0.005484282022763409
,,38.6794950623611,0.13392648710417243,0.04067845053473462
,,38.704971678093855,0.18868425998447455,-0.0559559380783341
,,38.72450832162507,-0.010007919379407756,0.07199959775432774
,,38.74363289612022,0.016287953020953573,0.05217915085882652
,,38.762547745513196,-0.18232118136000627,0.2903734358468171
,,38.781437158779575,-0.1346757119139407,0.24943855313436814
,,38.800435615770716,-0.071529357851278,0.16729374208055958
,,38.81964028080775,0.07135434813428723,0.0052053710579684775
,,38.83912270228028,0.01653670251356936,-0.021659404793844317
,,38.85894210161733,0.00415331405090235,-0.0198954156682305
,,38.87915600429667,-0.028405937748467648,0.034449933451796255
,,38.899818422267344,0.09068217105749572,-0.04680059332483921
,,38.920995356862534,-0.07068026711351318,0.10068491025098325
,,38.94274943616269,-0.09256324674430658,0.10081381058161298
,,38.965117537665826,0.05392623101788864,-0.0680437686837152
,,38.98811132624097,-0.023721467583330637,0.07261014134235921
,,39.011700029255685,-0.0008945884180223337,-0.0067054408376634456
,,39.03579594254377,0.03860175056347169,-0.5365976931072467
,,39.06027982800918,0.17768725318179054,-0.44786708119096375
,,39.08506049155218,0.07165802402681536,-0.37941851557899753
,,39.11009897633031,0.039807161547634085,-0.37260613787795194
,,39.13538796545649,-0.16011781158160998,-0.19797015387488415
,,39.16094769725347,-0.3483138085142189,-0.43933388873924883
,,39.18682011716048,-0.12279168495058523,0.0186715677901077
,,39.21301038176724,-0.024944072403929013,0.008033690636686686
,,39.23946055619785,-0.004596452692487299,0.03793589649463769
,,39.266055483665816,0.031596436889946754,0.05934807944423426
,,39.292645118187046,0.10615569541694682,-0.04180081360399157
,,39.31907792351958,0.007492047804930256,0.030430028675489496
,,39.34519322487632,0.1066318279683288,0.08427494715535033
,,39.37078359930177,0.05441427413540389,0.13290212656283273
,,39.395627496044554,0.06883431779301291,0.22523818616243574
,,39.41949849901516,-0.03739210801246108,0.20519360899729833
,,39.442153160048946,-0.004911820128987118,0.0842586600800459
,,39.46334048845641,-0.0953018496723568,0.15346136121595322
,,39.48284548895099,-0.04638704241866212,0.08504155346767561
,,39.500490964497935,0.01852930649602584,0.03907972900604051
,,39.51611281066403,0.09788469489697173,0.13790249443899683
,,39.529559466114776,0.04441947710247891,0.14862105678274418
,,39.540675467466635,-0.016031946910902324,0.2382564794442672
,,39.549295422019874,-0.005392540180223747,0.29939711816034986
,,39.555253783357315,0.04474984000226985,0.2432963766404157
,,39.55840155777484,-0.02358972047277508,0.3084881626979339
,,39.55862801985456,-0.006332003264671204,0.19590398341011195
,,39.555859850028355,0.10282125926901353,0.2175188907026282
,,39.5500705999185,-0.007702489733653612,0.05233188981515724
,,39.54134244871129,0.014819443145776072,0.2761381081429306
,,39.529885283030104,0.0422926168080463,0.6002221001618508
,,39.51594073286141,0.14429617276164397,0.5121630943769517
,,39.499741039284416,0.12839130923938158,0.5442676514762042
,,39.48149604068399,0.08751060726107004,0.4168933520549345
,,39.46138379134592,-0.16536102964307314,0.10847723829715505
,,39.43956844520212,-0.3145225225414662,0.023454077339344792
,,39.416191334129564,-0.14735435583623951,-0.012436978293322909
,,39.391396939439005,-0.0941153583278679,0.08531841888886049
,,39.36535177995743,-0.05810208166053255,0.07535030170310364
,,39.3382333875537,0.027020636392687813,0.017345976053611878
,,39.31022521459825,0.07986453472857719,-0.3256897493268269
,,39.28151783801685,-0.0745062296335789,-0.10971160838327876
,,39.252340553742606,0.028459195178460992,0.05970025107892951
,,39.2229481755824,-0.005441515270824232,-0.09460666031157672
,,39.19356153677608,-0.03709904408950029,-0.05186249268658116
,,39.164381290141,-0.07611277494403622,0.01633148480303248
,,39.1356026363299,-0.037770989871402955,0.006768353541502847
,,39.10741906805205,-0.03758605135904196,-0.23213301669301245
,,39.080047040720586,0.010383708589782412,-0.0662307493103711
,,39.05374752856188,0.08654730580242252,-0.1562948343642958
,,39.028816810701954,0.12127029697084481,-0.2172871076727958
,,39.005568168685265,0.07542525897847172,-0.25789342766373835
,,38.984331904193404,-0.033572853726317284,-0.1276590504670878
,,38.96543909952402,0.01489542570799476,-0.15723452523202042
,,38.94919266831765,0.01254252795835796,-0.32153519627600957
,,38.935816204168304,0.019803181444219296,-0.3446193856125248
,,38.92546718347101,0.0700718543144077,-0.17243903778541636
,,38.91825345474056,0.14684078336824866,0.010305761891196141
,,38.91422117047983,0.006705344659571734,-0.13622651513939843
,,38.9133172544131,0.03025038941770911,-0.15886764383080987
,,38.915407674014965,0.09693536189314586,-0.22764303590810897
,,38.9203384645934,0.1611135826254555,-0.27665204721885317
,,38.927952362016164,0.22345867992702267,-0.2388110419431868
,,38.93810448287221,0.1732159327602612,-0.09812041563247931
,,38.950671156003665,-0.13265101684701933,-0.2509201391566407
,,38.96552588358595,-0.21983220348794447,-0.12559368009799954
,,38.9825290094682,-0.1521494575543765,-0.2102795519138212
,,39.00154725097888,-0.14066369510603646,-0.24078355587284506
,,39.02246812534348,-0.09488933265509959,-0.18497879268837636
,,39.04520619617347,0.02780767801622026,0.03158612581030695
,,39.06967895422309,0.0723722808899701,0.1307487648869312
,,39.095752872635174,-0.1260221352344314,-0.35143073740074726
,,39.12325467544934,-0.027914724507373808,-0.3783399509419638
,,39.15203943061769,-0.04280387637603503,-0.39223555424165824
,,39.182000694094185,-0.13091864382165763,-0.3340820502725279
,,39.21306279820561,-0.12118734525645636,-0.23957545294915406
,,39.245189580607864,-0.0830602662402351,-0.013629314367626932
,,39.278358306602314,-0.0521224266865081,0.1965641200841972
,,39.31251168178962,-0.010837528126940301,0.12472584633731998
,,39.347545762553914,0.08071867325525812,0.3382355641908319
,,39.38332032300936,0.08685286069776127,0.2963268162928827
,,39.41965288505764,0.07281470418897411,0.27403241075339224
,,39.45631795244038,-0.061368636535133865,-0.08734931590524297
,,39.49308823432516,-0.006801827560371523,-0.09638640676478616
,,39.52976665533801,-0.006138458546521491,0.08747180320851555
,,39.56618751382277,0.014699361210221957,0.118013124967014
,,39.6021991130781,0.06494141326792983,0.11405947365396685
,,39.637660403516364,0.09389275488874903,0.049646841594885416
,,39.67245743125752,-0.0002691815954723878,0.10901175033794885
,,39.70649050709685,-0.025210966677952154,0.05602045958109869
,,39.7396538765747,0.07906423904949497,-0.0577181156241906
,,39.771847600175484,0.14199979911340094,-0.04854739928888563
,,39.80297023141536,0.2280719998137394,-0.01584223122910089
,,39.83294723086852,0.17711900102059885,-0.09546623188911951
,,39.8617475839923,-0.06355782479698799,0.11641024080469009
,,39.889360280182245,-0.04361917723473824,0.06885889705249326
,,39.915798788777906,-0.09561446828425431,0.09441567950634777
,,39.941080523914835,-0.12385889055012571,0.007778366635292855
,,39.96521352895546,-0.09829662824482649,0.01658309928936319
,,39.988190780746706,0.022056532515547653,-0.06814731326225143
,,40.01003405420649,0.11665871428222171,0.1372072315112831
,,40.030816211249544,-0.07690406322592273,0.30998785197638057
,,40.05059978578412,-0.04284335951715995,0.2561435737330342
,,40.06939818415172,-0.008136399204733502,0.3561382150530079
,,40.08715426485823,-0.1481954220703222,0.20424115721209546
,,40.10373289467919,-0.14049697133903202,0.14336407665984297
,,40.11893107537744,-0.057590228172335105,-0.09364084720510135
,,40.13250528123281,-0.004372656124918371,-0.06173262510788646
,,40.14420961856172,0.0056949716284845015,-0.08350459019020207
,,40.153800458103376,0.09581852350520532,-0.18321898160858296
,,40.161079875258245,0.08950238375574447,-0.1000822590139876
,,40.1659237382573,0.09935556698629767,-0.03617930524359281
,,40.16828212402569,-0.049879182120976764,0.1673970580952897
,,40.16811711860207,-0.04489260766415183,0.26857548906208706
,,40.16538603207202,-0.010186250637527575,0.19090021856550266
,,40.16006051432403,0.032203987353152476,0.15383549832282029
,,40.15215367889343,0.03054563718174267,0.1634006839248272
,,40.141722109039875,0.014462940819587107,-0.023985049859462038
,,40.12885952784044,-0.03945574220163954,0.17989621436120018
,,40.113702277417765,-0.07935552667967226,0.07225324926190524
,,40.09643078087878,-0.03522691388920686,0.30869613301042875
,,40.07724016037158,0.037955207795884585,0.37900463183253663
,,40.05633588205194,0.1295339704282315,0.30833014751982546
,,40.03392502763511,0.03473579533429284,0.4255391770306005
,,40.01019580393364,-0.08951613203798504,0.3395203281043422
,,39.9853379853886,-0.032282367251569986,0.3949443818629703
,,39.95952628406034,-0.0946376246767566,0.22341134061641554
,,39.93291835182856,-0.13982408135972976,0.25130572953116825
,,39.905655906267796,-0.11673944762999597,0.18238354136219925
,,39.87786240360879,-0.024754005965309526,0.11819160235651793
,,39.84962423816789,0.06572803611306055,0.05594772571905082
,,39.821000720885856,0.039708567923470446,-0.032009288809327074
,,39.79205491545834,0.034949783008189315,-0.056804698466521586
,,39.76285648327947,0.0951870702692726,-0.04764355354874539
,,39.73350416144048,-0.024479869457127407,-0.11432429198335115
,,39.7041360564896,-0.03703471793955986,-0.1200013385500398
,,39.674933294584505,0.08896266538249122,-0.2167959599669942
,,39.64609860862432,0.08514920794696423,-0.18414781657128287
,,39.6178617423658,0.0754806461950463,-0.17544238856084604
,,39.59049836968912,0.11454651075885008,-0.1359448804479726
,,39.56428643121604,0.14136462274533618,-0.3084510539613774
,,39.53948310323952,0.12685926279037335,-0.256342366029898
,,39.516323208013745,0.03394012955681842,-0.3066633375705621
,,39.49505361938403,-0.05969849607556815,-0.1917551233084609
,,39.475951166749724,-0.011273126954319914,-0.22107803979540108
,,39.45929943123634,0.0650285709938544,-0.2076280022301944
,,39.44534220495318,0.022742688158594787,-0.29218489311177365
,,39.43427726260471,-0.008373206073133783,-0.14570405653157792
,,39.42622958391853,-0.08944207160466565,-0.28148751231385916
,,39.42125462113758,-0.10619314703937358,-0.16286147409820728
,,39.41933142628277,-0.13855316829732517,-0.12857825798543843
,,39.420393916041135,-0.05910437892550434,-0.20908953711563072
,,39.42433084417635,-0.00839649616980624,-0.06993434800654796
,,39.43096694073689,-0.1130795793710982,-0.22418736136579298
,,39.44009095140808,-0.1742812436715586,-0.21420970773652215
,,39.45147136982773,-0.11618561865632805,-0.15018575117139932
,,39.464878338258934,-0.14816807388212677,-0.0548102643768118
,,39.48008574965971,-0.19223307059366015,-0.025952679066051587
,,39.496872380553754,-0.13555334092946883,-0.09941903962428711
,,39.515020708615,-0.04704387357116015,-0.05977683504383435
,,39.5343283332648,-0.002733898451833963,-0.17459443481296688
,,39.55462202468824,0.13998331115325952,-0.2225053358415039
,,39.57575359295676,0.12642197920345866,-0.19527557216021307
,,39.597616474252085,0.14777193348064296,-0.17628840773272714
,,39.620181085888426,0.10872398381380478,-0.15980506970223018
,,39.64347623228981,0.09498581098447002,-0.16936204327427617
,,39.66757112293768,0.23828281719142663,0.17514605987089737
,,39.6925630305185,0.17115803353074652,0.07467893595075736
,,39.71855461471553,0.1650888936748493,0.08035649160962066
,,39.74563596121138,0.16215288269930267,0.04161115608931709
,,39.7738759829544,0.21060259657535174,0.2007214204702521
,,39.803299522602174,0.130324731684976,0.2515757457128487
,,39.833879347657486,0.045400988908309826,0.30591966343420296
,,39.86551807151763,-0.09573223250486797,0.004014160987239279
,,39.89804832490803,-0.043754964332282556,0.0695066394242474
,,39.9312574600675,0.07224692668417107,0.01899561324832888
,,39.96489809605868,0.01648477897189652,0.022817124969421343
,,39.99869955444158,0.022606567511846455,-0.020706121953423917
,,40.03240913442769,-0.13953034340705772,0.10772120897937043
,,40.065793839149556,-0.0856259133021404,0.020432074152580526
,,40.09863615296808,-0.19967837763175145,-0.2037577753363351
,,40.13070982557441,-0.1374105966562324,-0.1389992289181734
,,40.16178257576233,-0.1256253600386341,-0.18185721572369573
,,40.19163602967876,-0.2203479190691429,-0.18648811060962345
,,40.22005582414486,-0.24843322907673546,-0.12832259506811994
,,40.24682869818997,-0.2251964482197522,-0.17833224997021802
,,40.271770137938255,-0.18488452732063493,-0.24358561061762174
,,40.294753495985574,-0.24569306893251594,-0.22766042705305978
,,40.31573220257225,-0.15420896391793598,-0.09882323865431175
,,40.334742931582156,-0.04207829580926773,-0.12566463577288545
,,40.3518922526418,-0.022266126783947238,-0.04932612585785279
,,40.367336723223175,0.1689482139621842,0.3218150628146432
,,40.381264788726426,0.15635906915509867,0.32047614211847275
,,40.39386084401753,0.13358783044294584,0.33065132553952026
,,40.405265932528124,0.15654605440681693,0.4864880130650562
,,40.41555196434106,0.1504770243501651,0.5151710113087731
,,40.424695789525934,0.28724979649987087,0.43865441397419147
,,40.43261320027618,0.18654352787503625,0.3925432718487798
,,40.43916833540625,0.19081754692690084,0.35971411766684724
,,40.44417263048599,0.1820778460690688,0.36344952344494175
,,40.447402731586145,0.2699663588535516,0.2723309095603028
,,40.44862708288163,0.13677096654302354,0.078901950575343
,,40.44762807904342,0.030952671862598265,0.1052192490939774
,,40.444241947863695,-0.09054071506880224,0.050898767205111994
,,40.438343813934274,-0.032277313160288375,0.049733499226015
,,40.429836791172335,0.0794820715725075,0.21348113725515816
,,40.41866795511956,0.01648808089321849,0.2876439639872217
,,40.40482130848916,0.013491436517650167,0.30448725499319096
,,40.3883098261441,-0.13586141425678874,0.005951588112687034
,,40.36919593465317,-0.030442925161884564,-0.014553009491287128
,,40.34761237924676,-0.16959416639295632,-0.044018212853806915
,,40.323759459225585,-0.09972290584866149,-0.07903655337692328
,,40.29791993988451,-0.13912744861594487,-0.16739249126856492
,,40.27044400033342,-0.22335297502584497,-0.05569102530757419
,,40.241728695873284,-0.22588069293906882,-0.02444800293421423
,,40.21221516158167,-0.25234511312282176,0.04252995154115524
,,40.18235176036308,-0.181073885208512,0.16202212484542855
,,40.15253929397866,-0.25610142580535183,0.11696213182668913
,,40.1230875476131,-0.1430240956718898,0.13933654805878604
,,40.094213198974124,-0.061716423619681056,0.2515032246455533
,,40.06602224139846,-0.021255698656058523,0.2392334572575976
,,40.038505886706524,0.17075431293031237,0.07473980036316163
,,40.011584667895654,0.16298613904684112,0.0399291930575032
,,39.98512407855911,0.13947159364485173,-0.11859567220395917
,,39.958948297906474,0.1797467277064608,-0.1728950256129309
,,39.93288221640054,0.14671967194607635,-0.16860188834661471
,,39.906786261585445,0.20684097646431793,-0.27212723804976235
,,39.88055851458923,0.12366609765321328,-0.1627246122424424
,,39.85414154202165,0.1460288906110428,-0.15867043263268954
,,39.8275111132606,0.16776461255790043,-0.2707757258185026
,,39.80065810898633,0.24639126145380824,-0.15804937044013911
,,39.773594181801315,0.08885460143959059,-0.053848783240908915
,,39.746345876090004,0.006731687408146761,-0.21877756349815058
,,39.71893937421231,-0.027594638927067996,-0.036344735285240404
,,39.69138097012882,0.028855603460898212,-0.06523657358971491
,,39.663659868469296,0.08430757646584355,-0.09296744493514097
,,39.635774543015316,0.009206802704809523,-0.13988134572012711
,,39.60776077436856,-0.02843519593031373,-0.0633255784382456
,,39.5797109614994,-0.13275234322012938,0.06904138172072294
,,39.551740076314445,-0.032180126360373505,0.27074005004593005
,,39.52395256977024,-0.09335485728604323,0.30850228751580744
,,39.496431442305415,-0.013964436526463495,0.2566329942210501
,,39.469221237689155,-0.12719672917262936,0.3970754914834771
,,39.44231534614203,-0.15794847915868135,0.33773313301665553
,,39.41567193136669,-0.14649951814870626,0.22852758678202179
,,39.38920300290888,-0.1702689878272355,0.03376598491835381
,,39.36276518119312,-0.09872558787025015,0.021560406677131994
,,39.33620170228702,-0.16491609027649654,-0.024585612010518787
,,39.30936534315963,-0.09345024875019871,-0.0692150944094223
,,39.282127012895316,-0.07300794824162457,-0.06241906465368885
,,39.25441029072967,-0.015013945568317602,-0.11469634516135585
,,39.226213540734086,0.08700670091877678,-0.11532024165286714
,,39.197588369699226,0.0819153434281697,-0.08890371312739376
,,39.16864018382872,0.06631523467582216,0.03244458149546148
,,39.13950958824538,0.08548110529774028,0.013109306456883019
,,39.11035569107242,0.029237940794131126,0.09850636813344948
,,39.08134616993459,0.07757000394139074,0.07918382612402297
,,39.052629673971715,0.05701319995668791,-0.1494428739284004
,,39.02430448209851,0.09188288319050197,-0.12308736528900965
,,38.996433752850656,0.13117528769792178,0.026390959451426
,,38.96907893349453,0.17643711100902318,-0.006116044503549745
,,38.94231551791389,0.07864248197115327,-0.12655799988504413
,,38.91624003448378,0.03169818653670539,-0.05353822102048866
,,38.89094977762517,0.057407382530996004,-0.05395716015616614
,,38.86655184780246,0.10540844439148504,-0.07396029219394507
,,38.843160621849044,0.05991217734587917,-0.030672799194924494
,,38.820887509938146,-0.039084200950119184,-0.02090330898802506
,,38.79981752543766,-0.07891513100708317,-0.17030239443057127
,,38.77997008424595,-0.08594429715785856,-0.13972578708809635
,,38.761303280231466,-0.008750756982655757,-0.19825252324881149
,,38.74374530258026,0.02774366098462893,-0.2171889635648867
,,38.72719522071069,0.060922850364122476,-0.04731807107481245
,,38.71151771764781,-0.09324492157946648,-0.10057279606834157
,,38.69658843971828,-0.06053725342515205,-0.30975118629312703
,,38.68231694871946,-0.06520298583347381,-0.18831396288598512
,,38.66865180165591,-0.08568273069545142,-0.042369070960461386
,,38.6556037266747,-0.0502825715906407,-0.06472115508405807
,,38.64323814001655,-0.1108865084198906,0.008248368403336315
,,38.63165739958754,-0.13189978345892872,0.15354238387138963
,,38.62098544930091,-0.17196063917330592,0.03367518987239748
,,38.611347794442175,-0.12436687750670153,0.11791908306452825
,,38.602835728145635,-0.0858317688226106,0.12239604067697485
,,38.59549615511495,-0.08785497123338587,0.13455881611843523
,,38.589331576298456,-0.05953867157462846,0.11240709527617554
,,38.58430973887004,-0.06171491808226733,0.11960517921222902
,,38.58036961296053,-0.037285546410469494,-0.26488406655006713
,,38.577440255105024,0.06932518166871633,-0.36616543677374125
,,38.575471431929756,0.048526388763727085,-0.07369782069348219
,,38.57444588575684,0.07885511904436493,-0.044301004801198474
,,38.57439486121483,0.12297666928963935,-0.04627153050446964
,,38.57538504313958,0.15054394094345375,-0.07482898408304095
,,38.577496526193116,0.12345448414969407,-0.04985101034281314
,,38.58079267870252,0.1428016284780646,-0.02029430718058478
,,38.58531261430099,0.13005503053836676,0.045932355160644533
,,38.59108240119579,0.14811137917291653,0.1699062196312937
,,38.598111137265775,0.057533107342172166,-0.03854424460794803
,,38.606388347525666,-0.040011698938543665,-0.09767664858712521
,,38.61589418002005,-0.10163953048325908,-0.04555464953678978
,,38.62660442056717,0.012867283706351713,-0.17077170427351973
,,38.638502310822176,0.10040967162285744,-0.36151198244503036
,,38.65159230326459,0.17186281775035875,-0.2610551210149552
,,38.66590705978992,0.14118127349410803,-0.26198833328403026
,,38.68151554734694,-0.04138211950501773,-0.4090334278419263
,,38.69850559476188,0.01029409391410753,-0.03849968867599074
,,38.716930749006146,-0.03638370750595569,-0.010247041500193177
,,38.736808576626274,-0.045266550799417216,-0.02124202582685797
,,38.75812379759066,-0.0532400840607562,0.022916286470092473
,,38.780825868642445,-0.11253132976755995,0.05230546112511547
,,38.80483745947245,-0.18120082543674765,-0.13963663403570337
,,38.83006062220062,-0.26156085323292166,-0.11669976896769896
,,38.85636931459837,-0.208207103334702,-0.12566221126366628
,,38.883633054765276,-0.18198992466390967,-0.17914313010136595
,,38.91173521932219,-0.1844877744088702,-0.2047474449133162
,,38.940580474803824,-0.1295079013499989,-0.2690725734538262
,,38.97011893397718,-0.14174263092756295,-0.2338763030496267
,,39.000364755788105,-0.030829631443676665,-0.03033512434443253
,,39.0313597632712,0.04394656755492761,0.3185936691738789
,,39.063128779851425,0.04731994371606919,0.19495127643250498
,,39.09570440104583,0.05022093471101067,0.15947466424315593
,,39.129118303347795,0.06804223221973425,0.10823946443247223
,,39.16338875348499,0.09586156829020251,-0.0010503217751889338
,,39.19852151173522,0.12623189060425533,0.07384659766052692
,,39.23451928312471,0.19224043071520167,0.03924028616008712
,,39.2714054568462,0.12929501650302708,-0.06550047334923192
,,39.30923440696756,0.12110297492606555,-0.16033738189362623
,,39.348110147070486,0.03362163266575162,-0.11173177973623183
,,39.38816424932307,-0.02305691442174354,-0.0951073349013214
,,39.42953762615122,-0.09197023266041346,0.0204326065091891
,,39.47238785262501,0.09419672336473049,0.09131542401025428
,,39.51685290575186,0.24052542562376059,0.05982166862438021
,,39.56300374976378,0.3192094150223981,0.07598683521381844
,,39.61088380866431,0.23750327508664765,-0.1248870837509557
,,39.66053417557603,0.06510339379747786,-0.002137569373509507
,,39.711953894798846,0.10002791665422663,-0.08848181145307166
,,39.76512194358152,-0.008514864010243295,-0.09840707957127393
,,39.81999420070208,-0.03382681552874217,-0.07266738517333238
,,39.87650393167921,-0.046506645091260006,-0.1838972865879498
,,39.9345550371486,-0.08008582979841765,-0.3111692073501757
,,39.99403200700444,-0.21682730041543263,-0.2812047065890084
,,40.05480215776004,-0.2873808813310279,-0.2714212764290096
,,40.116727849779664,-0.21186920249853197,-0.40885864728112864
,,40.17969053581406,-0.20513396236877945,-0.3735565734452848
,,40.243585958457636,-0.21152647545501746,-0.35825948300261956
,,40.308320466550825,-0.16948695520630047,-0.20123351134451894
,,40.37378263993887,-0.17374758614937438,-0.2783350537894904
,,40.43981207458313,0.025791983237524605,-0.05260405782065902
,,40.50620395581569,0.060215305412856655,-0.15341926122854943
,,40.572745338026856,0.0388477200978844,-0.19859305812474304
,,40.6391937802518,-0.008541900331740064,-0.1184518799200589
,,40.70526251176717,-0.02358558470180691,-0.08987692706536166
,,40.77065312088822,-0.013890704866815757,0.16513758397859846
,,40.8350559488576,0.052778108186364275,0.178565942956034
,,40.898157859575655,0.1500102539811369,0.23643188644320645
,,40.95963467059136,0.08508298311834885,0.23988234629028682
,,41.01914298701337,0.06619371912913156,0.19926329385749852
,,41.07630411319716,0.014802514457386317,0.28419337234545594
,,41.130701606956954,0.02275967188216766,0.20763872116087612
,,41.181893859864765,-0.028552418448195387,0.0004585585834249173
,,41.229451578575066,0.14682958861990225,0.257118832805034
,,41.27301710910925,0.32434467029126146,0.6105382205994943
,,41.312313078208334,0.4042431670580803,0.4913437547335917
,,41.34711909640861,0.2639450685732611,0.5968358350181262
,,41.37724504174066,0.1600937655170785,0.45866119274226946
,,41.40255718930153,0.08712973451093024,0.5162130761875332
,,41.423000619193076,-0.04390052785320811,0.34179990866013554
,,41.43860840459295,-0.07927929020436043,0.24797088561141578
,,41.44948580938113,-0.06876305269196742,0.2857772433108394
,,41.45580641565247,-0.054576530338424224,0.2652701146859542
,,41.45779375361963,-0.24819969870347833,0.45690594508384663
,,41.45571463428283,-0.3063540469405594,0.4236394126577352
,,41.44987402182921,-0.22970960945452387,0.5771355876253139
,,41.440559336614164,-0.24258276057384878,0.620523423959682
,,41.428036500653754,-0.23058704989063122,0.6040505492368737
,,41.412554737516395,-0.17475462822080767,0.5031998907044155
,,41.39434871865865,-0.16166931926065586,0.5083206006020049
,,41.37362844002835,0.09031702203765211,0.27705453793399926
,,41.35059933302952,0.07929318877476682,-0.04199252180428914
,,41.325476492878195,0.009169619759930038,0.14165388736187623
,,41.29849554480114,-0.06682776384197389,0.0531322190408261
,,41.26992801147194,-0.09360294968815416,0.03367493821621537
,,41.24004478214907,-0.07097264592596914,-0.15447213622309874
,,41.209121544442745,-0.008580682550472118,-0.18594086189227
,,41.1774478214523,0.1199178937249978,-0.2827657151772911
,,41.14532965953461,0.11630396793820583,-0.4212336274728159
,,41.113100250891705,0.12133874173982437,-0.44163899263153183
,,41.08114400751608,0.09637966241587982,-0.48702366993195767
,,41.04991772118567,0.09338986961646957,-0.25960759080214046
,,41.019919442671195,0.07461340009463913,-0.1784328427658366
,,40.99161535721148,0.1853512866419572,-0.26086664385343994
,,40.965427536239545,0.31302353051350984,-0.3623510667530567
,,40.941746626792025,0.3710761837751298,-0.256122810567156
,,40.92090195908598,0.20531135036894602,-0.12201330945492828
,,40.90317517990136,0.1311991641893877,0.05012565590924822
,,40.888794468907456,-0.013993782752161694,-0.16810068615529872
,,40.877908571238066,-0.1246056196105992,-0.08380295162746876
,,40.87057703799961,-0.1366937297443486,-0.06438330825525895
,,40.86677930791209,-0.07504373412333588,-0.12223557378875682
,,40.86641921235176,-0.0069410117087375135,0.020221799356981762
,,40.86932650022148,-0.18695833828646016,-0.3076681619350268
,,40.875288231151764,-0.24758752361030076,-0.2331007075414675
,,40.88405712841363,-0.19994088220979875,-0.18061624620382588
,,40.895371952450034,-0.2139394770575144,-0.2685324753925187
,,40.90896527991127,-0.15720674825546252,-0.33885853165580926
,,40.92457985343366,-0.09272449105520239,-0.41895536237846187
,,40.94198333843026,-0.0916636105135822,-0.33741972791667507
,,40.96100324393115,0.12585251189715296,-0.27765575582830593
,,40.98153070447812,0.07822338263147365,0.06144591289041301
,,41.00349329934375,0.010455152793543695,-0.14554845213729806
,,41.02686469339182,-0.04951992799335059,-0.20554476539847144
,,41.0516525702792,-0.08768711080578472,-0.19216545947342212
,,41.077902802561844,-0.07173721573840883,-0.23436558682343644
,,41.1056826604815,-0.008123932772431711,-0.20565872770906424
,,41.13507916273508,0.09550242846843596,0.00971840879648056
,,41.166199658512625,0.1333104126541886,0.24258992883318342
,,41.199126022017914,0.17106239594548991,0.3511115820365944
,,41.233871175347645,0.13697683133043592,0.3571519933219207
,,41.27035358326507,0.0800357259485212,0.37761069078641185
,,41.30841722444882,0.14130046962478676,0.27828230592639613
,,41.347853082074195,0.21521509927917953,-0.00026818135336981186
,,41.38838400297521,0.20699146795153012,0.0031245290732613284
,,41.42969618523858,0.2458817560145353,0.04232205874688333
,,41.47145922650313,0.09119698819609025,-0.2658562146992196
,,41.51332446410817,0.05691421854006028,-0.36673868264823284
,,41.55495392746637,-0.11801048834817691,-0.2334434391181972
,,41.5960330477336,-0.18105588337728581,-0.21147716435631736
,,41.6362829175896,-0.15165717324918776,-0.2211257443404051
,,41.67546711365061,-0.0818608912903339,-0.05030622236027682
,,41.713404048453945,0.009743223579940053,-0.07684727203388775
,,41.74999088707654,-0.14640803620002574,-0.011782850876514317
,,41.785167584259725,-0.1879638450948855,-0.10890373916483753
,,41.81892188095328,-0.22660024781885413,-0.10402163313442969
,,41.85131143790298,-0.2329435090639493,-0.13006792883902563
,,41.8824507270149,-0.13928578540683856,-0.047464941608055256
,,41.9124736111741,-0.08268889588617044,0.12611528471207123
,,41.94151596633572,-0.13504157321544144,0.2349256068797203
,,41.969704233260885,0.07267132621029278,0.3759244405288271
,,41.99713925416932,0.05810444787791986,0.23175629795275654
,,42.02389899969215,-0.01803490912996921,0.28113590943781475
,,42.050011546399375,-0.025565471543647654,0.26255392514427456
,,42.07544904879293,-0.0711601397488118,0.24091109095587626
,,42.10012863828833,-0.06532362529810262,0.4121949870097765
,,42.12391559923012,0.011675210873276698,0.32850918989660016
,,42.146607920898454,0.06891035707257426,0.2238817220289704
,,42.16795411069757,0.15387264816468474,0.14747324113773885
,,42.187707601028244,0.22367278771530863,0.057919611256444625
,,42.20565585728134,0.1653670914702859,0.09827705124836683
,,42.221628085864324,0.07695891345747966,-0.17338699932180646
,,42.235521352530384,0.14812158086886504,0.1061570666007512
,,42.24731274801585,0.23334611425813023,0.21044113772601492
,,42.25702872553029,0.17196098506208582,0.013010289407624498
,,42.26473971680784,0.20507430889654318,-0.10281402570438303
,,42.27059701746045,0.07568664445215023,0.02071633808739648
,,42.27480226981431,0.05209074221087386,0.04010698797481638
,,42.27756606493891,-0.10678884377669204,-0.010677221162218586
,,42.279101564544696,-0.1509460014392429,0.010244436894545572
,,42.279629059972095,-0.11056748756359862,0.10773842759150654
,,42.27936709386678,-0.043458134675243835,0.028391040808458
,,42.27853686164709,0.0009622951952310242,0.0690008431576814
,,42.277354432872706,-0.08787171119259723,0.15901727831989376
,,42.27602530729027,-0.13091906877259804,0.20339376148233157
,,42.2747287190007,-0.23395469378033806,0.05022597477964297
,,42.273614905939226,-0.22860527036573575,0.15579036442650818
,,42.27280104986869,-0.12219765721558254,0.20129660734689026
,,42.27235917495267,-0.048064847636721905,0.13730567268405736
,,42.27231902777671,-0.17439866259824066,-0.0789203651784689
,,42.27268187979756,0.028604253393639617,-0.28228613319119944
,,42.27344204548183,-0.0038762556407402294,-0.25056578984109024
,,42.27460858875298,-0.008579614000743523,-0.2982289747522415
,,42.27622411722386,0.021466386408906447,-0.13589050363276556
,,42.27834696908029,-0.023085430514690173,-0.13306153856559888
,,42.281033459180826,-0.05236889216719211,-0.172464567013634
,,42.28435123681044,0.012320476553559688,-0.017771713363998742
,,42.2883864695766,-0.012690393402471044,0.0032039238258718683
,,42.293237984164584,0.09954473664719697,-0.1138827208117803
,,42.29899623100839,0.1580190911012607,-0.07491532210964635
,,42.30574143545442,0.07757047994516812,-0.07151191539959001
,,42.31356742109481,0.005715333892144492,-0.057282754986950124
,,42.322561330067984,0.03606080194732441,-0.1753221320153031
,,42.33281812276543,0.17535930647591663,0.01232257075864851
,,42.34447931418989,0.14235792708725187,0.033662758722854846
,,42.35769834489245,0.16007940965642156,0.002722245451131755
,,42.37258973828382,0.13328333424270267,-0.06497307252652718
,,42.38925133205143,0.10715887815286929,0.0007897897957036548
,,42.40779362839009,-0.03025278398324079,-0.013440844406844121
,,42.42832939864412,-0.08298208007399348,-0.04674731857011949
,,42.45094679023604,-0.015538439371130749,-0.1256083508649084
,,42.47570250963777,0.03451726245607864,-0.20041977209384498
,,42.50260619338122,0.03940272609871533,-0.2322089194799304
,,42.53161020556766,-0.016564898615487066,-0.17914530695217223
,,42.562633987077064,-0.06828171745848731,-0.09605226961857483
,,42.59556287929563,-0.1737096854424996,-0.11315319385312961
,,42.630229061519174,-0.15355126769669505,-0.15987779382248135
,,42.66642660124976,-0.05802733904565906,-0.17719926220410542
,,42.70395503785116,0.01528728216972173,-0.28804232002088526
,,42.74264331262816,-0.18521532581899713,-0.12622798680916958
,,42.782339245996816,-0.028741343452674078,0.0612020974558547
,,42.82289443727966,-0.06048558900004811,-0.012908848279614915
,,42.86412573056086,0.021615814417077727,-0.05524154497793177
,,42.90579821318589,0.08880485562023573,-0.14450306880613084
,,42.94766901085611,0.058375963191052496,-0.16084497404716558
,,42.989523957317864,-0.03623111685256884,-0.10809284046529655
,,43.03116428782551,0.055229696936304404,-0.2411939847618143
,,43.072408240930564,-0.02334863102149541,-0.294159609909066
,,43.113071169434626,0.08583602844252054,-0.1187071978771499
,,43.15295713825229,0.10778816926596455,0.0035546924817424497
,,43.19186904084839,0.01802761339770078,-0.09929665424608913
,,43.229615260392315,-0.010282050509187669,0.09436679011687232
,,43.266000354786385,-0.08670392671745915,0.13440357193107388
,,43.30082124813743,0.06523770325553498,-0.05235895139296787
,,43.33389230395489,0.07446433774253342,0.08264335830257608
,,43.365065326840444,0.06284505785855958,0.33108961530099634
,,43.39424739970422,0.09189428199336264,0.4846583183024151
,,43.421378115004295,0.06447746293123335,0.4343444220644699
,,43.446404944770606,-0.06518483372413394,0.43587988895352936
,,43.469286939367315,-0.1284642525064005,0.47627731313908583
,,43.490008527198576,-0.028855859578657078,0.355947332380083
,,43.50858570074151,-0.001971809424776552,0.47838610868326015
,,43.525058425591006,-0.004192228445284076,0.37303380285428034
,,43.53950283884689,-0.07493672979765312,0.30253389095076244
,,43.55202791393417,-0.10368977675024198,0.1599618628160755
,,43.562788507137604,-0.12079184174829885,0.1850033346106983
,,43.57197278264433,-0.14634301021511814,0.20137022757079137
,,43.579772691027976,-0.07315238281236895,0.12037969178439312
,,43.58635620618163,-0.020413986123227732,0.3049577799416028
,,43.59186724357748,-0.19496583192049752,0.07569858834301613
,,43.59645017172447,-0.04656922428232449,-0.09048094744214552
,,43.60027695406023,-0.0589934143230607,-0.009283539737168667
,,43.60356717881398,0.055852720756619886,0.22558010042939713
,,43.606595558507166,0.1430808178737178,0.1353236236191151
,,43.609656140251936,0.15942274322865754,0.11592111651940229
,,43.61303699582223,0.05215646919001692,-0.18699346501224312
,,43.61703822391078,0.16104305427584567,-0.241481278186626
,,43.621959713084244,0.06687273258617764,-0.24023244567042212
,,43.628117327656135,0.16145228366234002,-0.21516961131847978
,,43.63585859360795,0.18339465181156692,-0.3916532454195192
,,43.64553942577838,0.11412455561032127,-0.33206398138870696
,,43.65748093585046,0.0955043125332984,-0.3253852483837605
,,43.67195711230253,-0.04200836616666906,-0.3952487461358629
,,43.68917044830339,0.0316992975854471,-0.20206974588884208
,,43.7091972723556,0.054066415486961485,-0.21826368784256545
,,43.731972922751666,0.01675954937386229,-0.4354324721255267
,,43.75732640706177,0.08367171725239114,-0.4862981243141604
,,43.785033626474394,0.030044009611201024,-0.460377636085596
,,43.81484546564781,-0.11605790035957854,-0.3440875652882269
,,43.846492765206236,-0.18811869695469927,-0.39257406825154106
,,43.87970264288948,-0.09657230021364471,-0.09783034267583446
,,43.914199139864046,-0.07584731455978902,-0.14065182530426057
,,43.94972788652706,-0.10168423241594425,0.0014563458888829928
,,43.98605004041794,-0.18082761447854762,-0.023822425939400205
,,44.02293483086486,-0.16993334998594806,-0.07160148087891827
,,44.0601584837022,-0.06492412252697843,-0.21383436117522336
,,44.09752007987396,-0.1589245173088034,-0.07619556256515381
,,44.134875353490656,-0.1173238009800849,0.06054844748943111
,,44.17214788902164,-0.0673741689513374,-0.020173720070296497
,,44.209298336984936,-0.19945588260669958,0.06775754562175962
,,44.24628145426489,-0.11922849507424507,0.25474704080935595
,,44.28301391810926,-0.1125302294132994,0.2113163113040386
,,44.31938025275922,0.029574782879237482,0.03284496436154427
,,44.35527195298532,0.1150065067032467,0.21572154031143498
,,44.390614549172156,0.19319922998392586,0.14248622084392082
,,44.42537946381717,0.0754664039220976,0.47805413226073057
,,44.45955940615838,0.20636533169072732,0.6797752621508977
,,44.493160244285285,0.14914626510478132,0.6194934906099334
,,44.52616522725344,0.201523890806975,0.5341108819395828
,,44.558515880944796,0.23799655443336576,0.46528756462183907
,,44.590102074221804,0.24599530298474206,0.34990262279345075
,,44.620783448597834,0.20993177469257898,0.1644847767095854
,,44.65043540648371,0.09574542366592442,0.023119169850367882
,,44.67897397133927,0.11942323726530946,-0.09399720860457705
,,44.7063961613961,0.10083933281391641,-0.12423549421001923
,,44.73279329128405,0.015496712305930986,-0.06529000358997905
,,44.75831305980681,0.1290632266388712,-0.2043762864456795
,,44.783124876836084,0.04497006550110261,-0.19569494233719098
,,44.807396694476495,-0.10909450989679115,-0.2928021845796991
,,44.831307099911946,-0.19383217164274272,-0.2193749282692039
,,44.85502857060977,-0.11225012067124529,-0.34117844993851776
,,44.87872530803233,-0.09287350937379607,-0.38455179865853495
,,44.90254443524851,-0.1797112734528039,-0.32153316179570623
,,44.926632651277586,-0.2396997887534535,-0.2856328625241318
,,44.95113663244561,-0.20335204205871044,-0.10108459038689688
,,44.97618778251257,-0.061015582162471355,0.23222779964989826
,,45.00187568870661,-0.16588872925600437,-0.04288695945060539
,,45.02825154334559,-0.1459150136290196,-0.11473652971656634
,,45.05534130471591,-0.14756916174618345,-0.0987721429697288
,,45.08314449866337,-0.21291806286206752,-0.061226435801309265
,,45.111642365185446,-0.210250137669633,-0.09239222751581622
,,45.14082466255389,-0.2076367811449992,-0.047687881408890576
,,45.17066560107208,-0.09707792206063343,0.03221232098855609
,,45.20106913982394,-0.017158561296813472,0.011789421472869321
,,45.23186220512544,0.07674462709777014,0.24109316777679624
,,45.26278636727515,0.008948037818509672,0.03376559490634179
,,45.2935271796087,0.17713557128633858,-0.16516275089503551
,,45.32376136758935,0.18627435203767487,-0.20453571962702455
,,45.353200642657455,0.20169616378494767,-0.25579680644239744
,,45.38163917875436,0.2594841272113509,-0.03262330596571417
,,45.40897946308489,0.3219326322779864,0.08858790463712296
,,45.43522183190339,0.2776209945504355,0.18515717354618033
,,45.46042091167074,0.22268247621999618,0.2994966121092659
,,45.48465917896175,0.1907339534432759,0.30720686759497084
,,45.50802387767398,0.11142845892048617,0.3631476634055346
,,45.530597667694835,0.06197726225514364,0.24802507005002639
,,45.55246131207182,0.19573518644763516,0.43340350148054796
,,45.57368360533488,0.0927770322367999,0.437639362428321
,,45.59432264258026,-0.019348301364192723,0.3041256587839314
,,45.61441976501754,-0.0827242095765075,0.17280444455897026
,,45.633987992671535,-0.060827857867773144,0.13133986519623875
,,45.653004487321745,-0.010468955346458367,0.06196446802471911
,,45.671405711544566,-0.15019225399675093,-0.019413457547813096
,,45.68909354223191,-0.17102859206584115,-0.055864950166068184
,,45.70594187510476,-0.13706663772517363,-0.02577523737958387
,,45.72179280124055,0.01895737565606208,-0.13425017689661445
,,45.73650547032954,-0.05386005620753348,-0.09444541412200635
,,45.74993680285143,-0.06314355865203758,-0.09859324419939242
,,45.761928044257274,-0.18868753325310722,0.014959488995835102
,,45.7723182810709,-0.1706540893721527,-0.044264191698751176
,,45.78095371596827,-0.2206943235055178,-0.17725939246275146
,,45.78770179275994,-0.22339112330093386,-0.18691066945900303
,,45.79246361958725,-0.14250848331056834,-0.1605551362766775
,,45.79518434986423,-0.14646628317100435,-0.18921806669322905
,,45.7958591469052,-0.06252035609805158,-0.27383879080715445
,,45.79457198121584,-0.11509846515529075,-0.2199735160605485
,,45.791498006512114,-0.03758200331164941,0.04198399679953724
,,45.78685757043803,0.013982725725820544,0.20705970383615124
,,45.780868503123244,0.017264230691696695,0.3263672661850592
,,45.77370596840622,0.11351664903266777,0.22267738256111613
,,45.76548914115546,0.1984822755216038,0.27562858332293416
,,45.75627318031197,0.19177620166662063,0.2915506180214109
,,45.7460479090446,0.20437108080726638,0.2891810101481411
,,45.7347497321503,0.14000052806007324,0.27384973978963245
,,45.72227521834338,0.028817841087099214,0.24170694056952868
,,45.7085038764375,0.039764734204363564,0.29313138935814465
,,45.693291973484705,0.13116004597780537,0.37134798053748597
,,45.67648858482603,0.09425288726128694,0.1890585279126853
,,45.65796844130178,0.08738396116002221,0.21444759753819653
,,45.637644517050276,0.06083818082985788,0.2613173021198705
,,45.615460333364766,0.050416055179587096,0.288223611455642
,,45.59139662153171,0.125409376500948,0.4370940019673455
,,45.56546035161095,0.011700132118321861,0.1334395162707267
,,45.5376630100854,0.018487610912499054,0.1585493790020962
,,45.508028953585466,0.0037722775672141065,0.011798768847320673
,,45.47663155356125,0.12432879345219075,-0.07736034701343897
,,45.44358990377412,0.1304517814655619,-0.05044168523967585
,,45.40907473239016,0.1290824270599851,-0.10595715945014206
,,45.37331534727385,-0.12119790804612243,-0.031117439227735133
,,45.33662065954113,-0.049398673467927534,-0.04352198607320901
,,45.299345430047225,-0.10792402701448571,-0.06402140303273995
,,45.26180888646362,-0.10935667620332404,-0.10475221026029402
,,45.224298960823226,-0.06575725372043942,-0.11084170710278585
,,45.18708813072834,-0.17653614076695637,0.03714801003861368
,,45.15042680715549,-0.15495542769004392,0.028328620534551874
,,45.114493435617156,-0.17992993462692863,0.02293649900977357
,,45.07934757312272,-0.2106967115422681,0.05454913841955289
,,45.04496138028865,-0.1393638060079327,0.007602425719291261
,,45.01125435165123,-0.12090649695735863,-0.09664785469387027
,,44.97809321100334,-0.018678520135421914,-0.16571469086791524
,,44.945300698870696,0.05200038290398959,-0.2036010817746856
,,44.91268563275754,0.03392602806828597,-0.21941166082581987
,,44.88007719450106,0.051247703674295805,-0.1183248981753593
,,44.84733514963945,-0.010195824384470097,-0.12903932525497908
,,44.81435757762734,-0.11780743893644276,-0.2610501386908979
,,44.78106094235836,-0.05844806735128875,-0.18131287500707316
,,44.7473842438349,-0.08976632759330959,-0.11631791624159149
,,44.71330303791573,-0.028869379975421917,-0.14313365794031085
,,44.678788531397686,0.06923326212270958,-0.03442179352039432
,,44.64378205831068,0.09584887886706944,-0.04213093717774541
,,44.60825178026319,0.10247157020135893,-0.10332335046454943
,,44.57222663506927,0.20375740124364136,-0.1409840363129149
,,44.53582241817853,0.16723784059458124,0.1436397412268846
,,44.499212807918525,0.1689931847323456,0.1784940073491299
,,44.46260019207607,0.09385065683614743,0.29024915108778515
,,44.426186961208145,0.15683768415997343,0.3849753546318837
,,44.39015829722621,0.19366283418483005,0.5578788685889648
,,44.354663971624774,0.2205097681351768,0.5751262602400473
,,44.31980809525671,-0.051489894672760314,0.06908179941605397
,,44.285647365387156,0.09350365077186909,0.18504898384097146
,,44.252223408165946,0.0734867616737443,0.23848983016031156
,,44.21957074447566,0.026161524486212676,0.3184677310381261
,,44.187675612202575,0.04003865407361008,0.25868573372381576
,,44.156478437748795,-0.08994151882249926,-0.07163691892629487
,,44.125907794365986,-0.11616572426210565,-0.06814207010388174
,,44.095895992590115,-0.10969362239718128,-0.03630237019293503
,,44.066394139577255,-0.24836078437432849,-0.3503333552029275
,,44.037379512378934,-0.1822309247477338,-0.38744858763119794
,,44.00887112221142,-0.14320732712227233,-0.39796379508914725
,,43.98094428109172,-0.0652947847670822,-0.262449496324642
,,43.95371340797414,-0.02706137492128601,-0.29215203305285087
,,43.92731623949813,-0.1062223144491441,-0.13009392504898898
,,43.90191380283686,-0.09663122708020808,-0.24178257575665185
,,43.87768653851557,-0.1281710736023302,-0.28361546491323963
,,43.85480318383504,-0.19695403381554064,-0.19194915001949653
,,43.833405753421594,-0.08820252838779871,-0.2793032250338001
,,43.81361341840457,-0.21282565957644134,-0.6080877588281339
,,43.79552965313936,-0.10956029543825914,-0.2126693577011025
,,43.77925561677274,0.01254870464112229,-0.10940432141385514
,,43.76489818199307,0.08591632329576393,-0.04911450528883421
,,43.75253002594878,0.12105536588573686,-0.010985391834516633
,,43.742147965413224,0.1904667808730309,-0.07001474628625459
,,43.73364426836507,0.24745893572479505,-0.11850320408986192
,,43.726837465009766,0.20351931127431078,-0.02935677628407518
,,43.72151959137719,0.1300247055079724,-0.12734429688515547
,,43.717476658612995,0.14730212557844358,-0.04097878419143797
,,43.71448717663118,0.15503518050531948,-0.1652223571364999
,,43.71234743048719,0.14913240880260203,-0.04687983928979378
,,43.710864334804924,-0.05031057923561823,0.15404624443069537
,,43.7098111778714,0.20109586454327413,-0.09630704241467924
,,43.70893877996407,0.1644820354809487,-0.01672081544502646
,,43.708015181197304,0.0538165364739647,0.09066828232872837
,,43.70689161234636,0.07226510768400779,0.04234327996962861
,,43.705503875976824,-0.04158428940851806,0.13578041343169645
,,43.70380444619894,-0.08602747817379383,0.08642303197486001
,,43.70177052234263,-0.06277438476263936,0.06520386242001308
,,43.69942099518609,-0.25766823493810403,0.2624472397520137
,,43.696790445392274,-0.17932307602561487,0.21983263063334135
,,43.69389224371,-0.10646492770762875,0.21897268399762027
,,43.690679098237595,-0.07027410210547064,0.29389500386787404
,,43.68707657466514,-0.03587319491894398,0.30689662025380215
,,43.68300382222675,-0.1339898787873796,0.02798605656062847
,,43.67837930381947,-0.14020628365552706,0.03882697983605965
,,43.67312636578195,-0.13107955401376264,0.03495318823181748
,,43.667194563203815,-0.12321843392877252,-0.03257612927504283
,,43.66058810678613,-0.0054359336217033385,-0.009752173164422118
,,43.65335932127751,-0.17330532640128418,0.1533460051237725
,,43.64556291829732,-0.07971139195361762,-0.0499515263437047
,,43.63727432441799,0.011339541807673447,-0.13641386622565932
,,43.62859074959465,0.12489228320487149,-0.24128303279952235
,,43.61963317416939,0.18028249226925408,-0.2877156664386433
,,43.61055386274865,0.15065508135581684,-0.013308944104466036
,,43.60154591799069,0.18593638518632222,0.1391176968229857
,,43.59283241904123,0.10295030945177724,-0.01028272849301004
,,43.58462095588622,0.0002899822609227151,0.02028906185285706
,,43.57707279848606,0.018002205045436613,-0.21977500353148827
,,43.57031345297366,-0.006579690502475949,-0.1884337624711776
,,43.564446121172054,-0.05660646735966737,-0.13253965381238686
,,43.559549568388384,-0.05189239809744565,-0.17295717029094249
,,43.55565445438868,0.21131349540317354,0.14213205020814712
,,43.5526887224011,0.1033469841936902,0.220664293405207
,,43.550507054860404,-0.009839408983960532,-0.11346764587644742
,,43.548929887270404,0.016434598187308695,-0.005964485457717217
,,43.54774208662394,0.018962822810201986,-0.007304909434147078
,,43.54671673496241,-0.05209936009452203,0.06478262513211064
,,43.54560853565703,-0.03530999653634914,0.06350146087931563
,,43.544144546212664,-0.12544446281866803,-0.29140008339399515
,,43.54205576905667,-0.042955069965981085,-0.17730069909067936
,,43.53912274923915,0.05430912268541036,-0.06373187192455987
,,43.53520987249731,0.030310236398029676,-0.2455201088953416
,,43.53027210155439,0.0934196200796613,-0.30369172163404556
,,43.524350270433,-0.02506044306489945,-0.17928982736809473
,,43.51754244871198,-0.07477075664738872,-0.07437169206458805
,,43.509990481867625,-0.051332936174221175,0.0411424543065948
,,43.501867038454456,-0.014803695835714281,0.15483665738126007
,,43.49335804705316,0.07583557666115986,0.30430637628568036
,,43.48465334099245,-0.030967079519321185,0.21721373852687265
,,43.475954565569175,-0.02856049805462462,0.2235059324854518
,,43.46745603292299,-0.01617539050828238,0.2196193575852945
,,43.45933026194759,0.08424369607939095,0.37322604197301956
,,43.45170713868968,0.10175442802131879,0.5925384332890076
,,43.444672352302554,0.011649523275832241,0.32797812442161245
,,43.4382896302003,-0.0037292416810543877,0.1846396114807547
,,43.43261235468072,-0.09953201463394568,0.17661965995322504
,,43.4276812950424,-0.2724509560491154,0.35446966100671773
,,43.42353097087082,-0.22468648052705037,0.31085550965622843
,,43.42015588876176,-0.09791440377220542,0.0021585150104428408
,,43.417492493052585,-0.14076068879987116,-0.4140318042527156
,,43.41546415637664,-0.015696027192587995,-0.28276812918405625
,,43.414000777709774,0.16755060243145664,-0.17345138014123052
,,43.413111413564465,-0.027544562974248572,-0.40636685059021715
,,43.41290711104997,-0.12103701047691526,-0.312670100573051
,,43.41355598917327,-0.045594342617702635,-0.3887616465555652
,,43.4152928806834,0.09146305988375339,-0.4740559405671547
,,43.41842610134526,0.010381929409571462,-0.5333080307548315
,,43.4233292584622,-0.0143692513106181,-0.3975600071515828
,,43.43044791732057,0.05733159751157936,-0.13207951483214941
,,43.44023492854161,0.12429025943261364,-0.12842518797421576
,,43.45310489175374,0.18049984749287193,-0.19750473924661094
,,43.469398612700694,0.12082026035732042,-0.1541188730580103
,,43.48935693262659,0.21330680121260548,-0.11196373383919678
,,43.51313085293266,0.12530443076452769,-0.1216352836971879
,,43.540777780867245,0.018121892768540458,-0.09279967363578834
,,43.57226836067186,0.03300676046146922,-0.1315751211333307
,,43.60748592765037,0.13555812057394767,-0.19194404822432176
,,43.64621644941962,0.17373735930374354,-0.26885380872336384
,,43.68816932230796,0.10657778891525028,-0.24364711122321125
,,43.73296178820317,0.05815123955531318,-0.2818130277584814
,,43.780132058511995,-0.009841120653998826,-0.1254909378579967
,,43.82917626133442,0.04921101041284568,-0.08918727174726371
,,43.87958549977763,0.031302905147113126,-0.28568840492474834
,,43.930862071448594,-0.10166033965573314,-0.33500173179286463
,,43.982510110379835,-0.16414421466397827,-0.32416589571585774
,,44.03404647436722,-0.2348325589339613,-0.30501391543326406
,,44.08503958302226,-0.44522671048874146,-0.5264128725335198
,,44.13517323430228,-0.36704256016346404,-0.22643067413881823
,,44.18428513677266,-0.03421479783934844,-0.2725703389333134
,,44.232322399433805,-0.05162480780980173,0.06860240837599463
,,44.27929079284242,0.05671257497046429,0.22359663218712456
,,44.3253170256493,0.05981016526366268,0.17447280908704244
,,44.370627904034315,-0.20018828782435136,0.3891603837900419
,,44.41548318033526,-0.2527779775360677,0.5653947972008098
,,44.46011721101078,-0.12394951677926214,0.43543230576847947
,,44.50467883944756,0.061420194573871434,0.648000965978575
,,44.54922568868508,-0.032665794564977715,0.6478401058799008
,,44.59375006645752,-0.13958951337339587,0.5465394469158795
,,44.63819681425656,0.1408919205267195,0.22161126521672259
,,44.68250141165069,0.22706032033082843,0.0911382680184829
,,44.72663840386466,0.1535047901621515,0.348956805973188
,,44.770669325311424,0.13511129681400458,0.2591193778745762
,,44.81469365584179,0.2413923569669174,0.292213987191289
,,44.8587945102856,0.1883364333588336,0.27576905635556415
,,44.90304611630133,0.09495370400263804,0.003400179696022576
,,44.947520069168775,0.06112916640955167,-0.007249235578328239
,,44.992286137713016,0.2770189165212258,-0.26790505423424804
,,45.0374075661767,0.248043048659369,-0.3047506148360668
,,45.082959455508366,0.1805174622917115,-0.17487691780007708
,,45.129072764088,0.11768623969114188,-0.10785900377914004
,,45.17590974551351,0.033807545366891255,-0.38671729088039797
,,45.22364854799801,0.06899519031085416,-0.5455437383088579
,,45.27249284570637,0.008624901959294731,-0.5340177476656578
,,45.32266174544418,-0.11767387644536073,-0.4578878689988173
,,45.374374314379196,-0.22399508779124808,-0.4031792265879517
,,45.42784396707885,-0.2761044222383288,-0.32393954484052045
,,45.483273424012786,-0.4939670116800956,-0.38090641233268485
,,45.54080785472653,-0.38433360333657834,-0.5225742513899547
,,45.600524554567286,0.04162444012874012,0.2109510053039685
,,45.66241386425131,0.10797136017125575,0.08271477557742912
,,45.72635519397779,0.1236754421373403,0.003069363884868892
,,45.79209842822896,-0.007631282810537461,-0.23206714541842643
,,45.85929065011414,-0.2000304501366124,-0.6060601999775272
,,45.92751873772763,-0.24744513691646497,-0.654273600811166
,,45.996355853179814,-0.1319206665171038,-0.3173351866627101
,,46.0653931101761,0.04628179215268065,-0.27017490232878316
,,46.134253799472845,-0.036578751134249014,-0.2561750483385907
,,46.20260158114321,-0.2595886342542164,-0.10151294688899526
,,46.27012935359602,0.09352381625724837,0.551646830146737
,,46.336498398932775,0.22519256845407812,0.46540903261314526
,,46.40126114192496,0.07559762262091571,0.13354123545411767
,,46.46388183842707,0.04452185679007692,0.3120963047828553
,,46.523831464913336,0.16127945357605494,0.31918908151060776
,,46.58063621156384,0.12303206634153774,0.3006317220946215
,,46.63391167322664,0.09251518672053156,0.2778731400528258
,,46.68335032540915,0.006507359279459505,0.3354423153113899
,,46.728745563550795,0.25778590897052184,0.7787685274786895
,,46.769996735569336,0.20521959829134745,0.7378836661393109
,,46.807065407759566,0.18215211997164976,0.5528824722687844
,,46.83998226609878,0.10133140482256162,0.4757863290786588
,,46.868863342685266,0.06429156448833762,0.48394509282639575
,,46.893873886124354,0.08239905490425813,0.4408270589713865
,,46.91519475580178,0.057123941906006566,0.41328130229221216
,,46.93300875040452,-0.04927017317904698,0.5083614227745272
,,46.94752100537443,-0.18538648952966838,0.521865484155235
,,46.95893927284764,-0.21830058972650296,0.4280613168788676
,,46.96744502068475,-0.3524179775947536,0.4657729569100084
,,46.973162073716345,-0.22589618040621876,0.33353410668987493
,,46.97615344678262,0.16783605372325117,-0.0631895005058638
,,46.976529641929766,0.22139200680233068,0.11477835126790126
,,46.974516690554736,0.1237923266093678,0.08849098283589285
,,46.97047901256063,-0.0070563809286501005,0.00027736836802461085
,,46.964863363881726,-0.14354691157628044,0.25318354769455453
,,46.95811276533899,-0.231636536304482,0.1605237709654972
,,46.95063291087261,-0.15250311517855944,0.08887020430594816
,,46.942808981605346,-0.06357541438448093,0.007766432779135357
,,46.934991420223795,-0.09468064171929834,-0.08751077850449462
,,46.92745492465399,-0.3285420522915672,-0.44111287236242447
,,46.92041898341241,0.054147753369558044,-0.8821667367819686
,,46.914149272738015,0.17772887727094716,-0.5032781500089598
,,46.90899376520927,0.006376351407182422,-0.5322701166164521
,,46.905349640346536,-0.08917707672169821,-0.43307256362484026
,,46.90362967633928,0.010852130328600426,-0.5313818066678806
,,46.90422608807446,-0.025443800473084963,-0.4297822876013768
,,46.90746483007798,-0.001903785756076505,-0.04936104432189836
,,46.9136051625455,-0.09796515837329464,-0.16354000417221215
,,46.92281726739875,0.15138166379880297,-0.16039893119754822
,,46.935212613539235,0.12816217387994022,-0.13527478741917776
,,46.95085782477458,0.1606606779214912,-0.18341850269607107
,,46.969741641934164,0.07049814619277503,-0.11213978812693881
,,46.99177699309456,0.16695665390799153,-0.16383364700254788
,,47.016833126475184,0.1709589114002343,0.10720796212458339
,,47.044730181588164,0.22134134292469182,0.044328475487148467
,,47.075255009356844,0.11795106395326316,-0.11710607331011147
,,47.108162974860726,-0.04197816346546579,-0.2635848113952619
,,47.14321420753689,-0.0983831855137525,-0.24223102202314095
,,47.18019898939424,-0.12239734266933991,-0.2552016467249061
,,47.21897146712452,0.003265799983224002,-0.14823726710774565
,,47.259451571467594,0.15460392539509651,0.08914450313731237
,,47.30158122451229,0.18054843527465642,-0.055829659786951424
,,47.345323596130726,0.05129944012672933,-0.19532303625744873
,,47.39060998743629,0.06338277331666071,-0.07669276075295528
,,47.43732688305918,-0.01870185361066817,-0.04132502944851524
,,47.48535652800128,-0.09424895732336605,-0.013807570677919045
,,47.53457276234529,-0.08591199641602126,-0.17606076592927167
,,47.58485697027596,-0.10236585869772542,-0.11119111157823625
,,47.63611910707055,-0.08400388895030539,-0.04881521812023948
,,47.68831161913314,-0.2769386979115719,0.0448270787784395
,,47.741376673121366,-0.024413173502752114,0.3655365003813884
,,47.79519479523545,0.04975402210091333,0.23755118266363695
,,47.849611261896335,0.009217368291936222,0.22367136981173275
,,47.90442752743213,-0.14387774549420998,-0.06794978193791934
,,47.9593948203226,-0.10759919723046932,0.21570437690787259
,,48.01420533147122,-0.1395804445712479,0.14127511310003626
,,48.068503572833585,-0.09782391549831809,-0.06787965733526846
,,48.12191109976293,-0.19038006490335255,-0.07253103485957979
,,48.174042916048755,-0.011059283362137002,-0.30398363268661655
,,48.22453009206503,0.002634253277122956,-0.3681643453421515
,,48.273049802563015,0.06801909571699641,-0.1404688982800124
,,48.319339387433935,0.017832310709342658,-0.31627169814328226
,,48.36321324555443,0.18952750127534665,-0.04434074682977496
,,48.4045664302426,0.19050532891811475,-0.2712717591607188
,,48.44340919122739,0.3223129118384519,-0.12772210306584242
,,48.47985913600901,0.19613919730177456,-0.03799833331078872
,,48.51410057146301,-0.01156930601448862,0.13546873455147335
,,48.54632212970148,-0.09242344329098923,0.3284013135895094
,,48.57669070160786,-0.07706425888347435,0.48597355727561364
,,48.605316971397286,-0.002636034096567503,0.8066190626992835
,,48.63221895387325,0.019975980443027178,0.48060506568372574
,,48.657342746165234,0.04904674006366018,0.4694105137711091
,,48.680547189926386,-0.0907746879607978,0.5860274980344116
,,48.70161652548452,0.10151469108738315,0.3726687834281037
,,48.720292287059145,0.011731171258686533,0.3889765416821689
,,48.736326894811484,0.0037184736458181593,0.2884546315426988
,,48.749543968389865,-0.029573645453471496,0.3363296770636097
,,48.75980418315453,-0.07434815798053301,0.1572439748260024
,,48.767000752739996,-0.005311136455089807,0.21331038371509692
,,48.77105356801111,-0.11783323640356932,0.321779668392459
,,48.77190947042804,0.021399595659580883,0.18169093391237823
,,48.76956172721392,-0.005146312891561627,0.0771845856776423
,,48.764049544042535,0.1269238548132034,0.006326601144259314
,,48.75545341345944,-0.06268902014400862,0.11033560668456488
,,48.74388276831248,-0.045423939585672354,-0.17875882872680648
,,48.729550664680445,-0.07012292792515845,-0.20672773675529044
,,48.712780008573056,-0.08594635975919636,-0.17413364881385718
,,48.69397594673585,-0.14867570514199163,-0.09260024159385694
,,48.67360303808463,-0.04741674201152774,-0.019186296073101516
,,48.652128034679166,-0.04193455491516023,0.18050652023599412
,,48.62998421809651,0.01074181769935621,0.2246739642041362
,,48.607580857157,-0.04679787640574047,0.42131701924874676
,,48.5852606422392,0.14138038950509899,0.3742589682557025
,,48.56329330176213,0.1041712286957824,0.4334354695420899
,,48.54185964281557,0.3079577218845558,0.2510826352998805
,,48.521030765798734,0.19429861249828853,0.266170621702976
,,48.50077712734878,-0.021714962923030504,0.21763783557424432
,,48.48102266719795,-0.06321602653533889,-0.19380664066261488
,,48.46164350456155,-0.07130084690123227,-0.24224265766032005
,,48.44248215204023,-0.054279472790784614,-0.6391026792494472
,,48.42342947876875,-0.08773849536820155,-0.5865909834005549
,,48.40442755958292,-0.015174093570842958,-0.6401534660120802
,,48.385470600087864,-0.1366861813731612,-0.6039844187147025
,,48.36663910653569,0.08235050794395832,-0.10198961447964905
,,48.34808436487054,-0.029224821671265028,-0.22745954319927364
,,48.32997138332121,-0.015967801078239533,-0.02860358224296533
,,48.312451068696305,-0.03943416674359134,0.002983098047288024
,,48.29566183519142,-0.09239153611085255,0.07272970091943876
,,48.27971934270334,0.001662557485608368,-0.005381900188943689
,,48.264731013720386,-0.048220751795486724,-0.02261026192490334
,,48.25083133788592,-0.002499396461270266,-0.051431941424652905
,,48.23819213299458,-0.06739248719044523,-0.09499964580412978
,,48.22699849787691,0.09732545893766646,0.32287604318541696
,,48.217431328936264,-0.02630183837771057,0.249370509441448
,,48.20966351806937,-0.024137012117333007,0.25497349404796665
,,48.20381104493718,0.006714984360152238,0.229973970702666
,,48.1999127431329,-0.005558964758904057,0.11154622162600702
,,48.19792477381057,-0.02006409469531492,-0.003960679115252219
,,48.19772336144664,0.0635331489873836,0.06284348956597796
,,48.19912324395331,0.08823279508115733,-0.11895603903446528
,,48.201899147236524,0.07822956897827568,-0.2976287162147955
,,48.20579487166678,-0.043693340578977426,-0.17960153108780474
,,48.21054913053427,0.09561276856548058,-0.3236618990997471
,,48.21590615885644,0.1079366534280592,-0.41384281228450703
,,48.221636781494574,0.2402776118569389,0.011185606648489
,,48.227578302833166,0.16888228434869862,-0.13096058718186043
,,48.233649913195585,0.04700622054439114,-0.40065613373997166
,,48.23985535280032,0.0597005608389467,-0.1654559136392706
,,48.24627729325391,-0.0023418607364374695,-0.10983543251747818
,,48.253062045652385,-0.032418848780249476,-0.0865431968721424
,,48.2603507357412,-0.13573378240490128,0.07138304666369777
,,48.268237679094305,-0.05830663134888996,0.2575689522545872
,,48.27675547784089,-0.1270226584375036,0.025867180596620187
,,48.28586977788903,0.00633943714514877,-0.0898092150341867
,,48.29553398282183,-0.06825666206017794,-0.09247732076165249
,,48.30570441038171,-0.08872338676400404,-0.08218102361770718
,,48.316347382740425,-0.11932391669792272,-0.06222346604250362
,,48.327440693997154,-0.13061756667262298,-0.033423127324525126
,,48.338963954456524,-0.0701156815328757,0.11295172707635004
,,48.35086960843657,-0.09659214683186011,0.0373225383952942
,,48.363051291820476,-0.09123412730579541,-0.031017164514679507
,,48.375330965685535,-0.1225773564878301,0.021146390802293524
,,48.38747204414833,-0.012985822308554084,-0.10058622183978372
,,48.39923805752447,-0.07073316703523005,-0.05460489048924444
,,48.41041073512947,-0.008582321590228727,-0.008928413539244673
,,48.42079097485896,0.0692171067991852,0.006691918341850567
,,48.430215654519714,0.06946869697067273,0.15701564850961347
,,48.43856396862931,0.08202387768978299,0.25321215368090577
,,48.445772639231016,0.09868434554565415,0.24054301522332366
,,48.45184241597858,0.1444334520063692,0.18872413201504656
,,48.456815844005845,0.14794042397922721,0.1802437320149224
,,48.46076423324848,-0.031951224340606994,-0.0073130089078716765
,,48.463803135165826,0.033996332997449356,0.2326005318367308
,,48.46605228229789,0.10408352750190256,0.23106419020021463
,,48.46760728809627,0.1760701795523175,0.01362253235141253
,,48.46856943131321,0.13787476031573329,0.1053558083710513
,,48.46904363901926,0.11591843105515269,0.1268379299255855
,,48.4690943631144,0.20339807050843708,0.03930756637716115
,,48.46875469310935,0.1037138253243283,-0.16656851843367093
,,48.46804821765065,0.031739777948189,-0.05898799559883372
,,48.46700145273589,-0.14477773149966539,-0.019423721236229596
,,48.46567438777536,-0.0687285362616605,-0.023545851513702587
,,48.46417839382946,-0.09952504269228259,0.1392466488628301
,,48.46263850628165,-0.07244279771624644,0.11370429143460115
,,48.461157300360426,-0.10704031748279225,0.14978301712236686
,,48.45980713106529,-0.16681044333048908,0.088803312265199
,,48.45863076472531,-0.2032982206975017,0.014267455972195364
,,48.457647715711964,-0.15976669564094434,-0.12368102007101811
,,48.45686958263815,-0.12922299647321805,-0.18904658616493464
,,48.45633396254057,-0.1387349806651332,-0.11229898187543341
,,48.45611262698238,-0.16500654330922893,-0.08580608367314824
,,48.456295563512725,-0.16089873383398598,-0.09009682967873545
,,48.45698179642771,-0.11378029237106432,-0.23380150405665034
,,48.45825957227721,-0.11081218342174838,-0.21274738885545474
,,48.46020096297141,0.022709484308178353,-0.24751044727959481
,,48.46286377113034,0.12871527444651187,-0.0614790455768528
,,48.46628145226495,0.1419619012956541,-0.08584335356060535
,,48.47046642919061,0.18767518979708622,-0.13574161898769432
,,48.47541110412304,0.12307652092166246,-0.0760876250447069
,,48.48109418742695,0.17922261252998975,0.1020832000430616
,,48.48748257023083,0.22117692153988652,-0.045659491770720706
,,48.497642443061785,-0.03141762870992164,0.006975185648137483
,,48.50760107839119,-0.03376330761899639,-0.10483777077219258
,,48.517308448122535,0.10041801757174108,-0.06752646569427867
,,48.52682795364803,0.09541811281780439,-0.07204606646583755
,,48.53623828209009,0.09579041059992888,-0.08182869269002424
,,48.545603372922635,0.19117361314550751,0.03002301393186002
,,48.55496923721704,0.36119816477014727,0.058032598012822234
,,48.56436641571178,0.22337481773780327,0.19065876655041336
,,48.57381365451622,0.12641091494724588,0.16547543053653158
,,48.58332030472155,-0.13152822327821767,0.061407918556660945
,,48.592889499913205,-0.06629151985286502,-0.013397980060339876
,,48.60252124870239,-0.050165738136416414,-0.039155510565976215
,,48.612214289107776,-0.14816080438199852,-0.055253484725774626
,,48.62196686995027,-0.13580295062158732,-0.05926391932867858
,,48.63177711594229,-0.24515974159922693,-0.05371737434306567
,,48.641643175881114,-0.29086889898963686,-0.015674276891481043
,,48.65156317827631,-0.1940427566296353,0.06487957835332026
,,48.661534818107654,-0.19804748267373423,0.0589126645660798
,,48.671554755683346,-0.18641318381970934,0.03725842813636149
,,48.68161873591868,-0.23487904872637316,0.059060312807687865
,,48.69172188516222,-0.19528122275321408,0.04655933759099895
,,48.70185869260543,-0.22505547033415074,0.13329677772872373
,,48.712022953163036,-0.16268585878934322,0.10506290562631193
,,48.722207122884974,0.04437555412111875,0.11611732299390809
,,48.7324024345306,0.1768080598548073,-0.026510494385405536
,,48.74259926933988,0.19912707583538344,-0.05902634517526195
,,48.75278868986305,0.27811684824504923,-0.04740553810810155
,,48.76296309614764,0.12656059563679767,-0.10232369178443435
,,48.77311631482024,0.20211328943614862,-0.18382960425638828
