t,value,trend,noise
0,39.02216088006619,38.49171748804724,0.5304433920189476
1,38.34862541924431,38.496278520054396,-0.1476531008100895
2,39.19251905449978,38.500849402972555,0.6916696515272313
3,40.13188091997665,38.50543013680172,1.6264507831749329
4,38.259967225808076,38.5100207215419,-0.25005349573381996
5,38.2645851940779,38.51462115719309,-0.2500359631151909
6,40.20568027453499,38.519231443755295,1.6864488307796988
7,39.343398756232794,38.5238515812285,0.8195471750042982
8,38.027127653619694,38.528481569612715,-0.5013539159930213
9,39.11252384418983,38.533121408907945,0.5794024352818843
10,38.04288515433728,38.53777109911419,-0.4948859447769109
11,38.04507563484192,38.54243064023143,-0.4973550053895057
12,38.8054926858453,38.54710003225969,0.258392653585607
13,36.508578257658904,38.55177927519896,-2.043201017540058
14,36.71442046184683,38.55646836904924,-1.8420479072024134
15,37.96069780334385,38.56116731381052,-0.600469510466674
16,37.48426896832215,38.56587610948282,-1.0816071411606774
17,38.90618096802368,38.57059475606613,0.335586211957556
18,37.605640050989344,38.57532325356045,-0.9696832025711035
19,37.071855803206816,38.580061601965774,-1.50820579875896
20,40.149983049884014,38.58480980128211,1.5651732486019028
21,38.348460272952394,38.58956785150946,-0.24110757855706028
22,38.66644944164675,38.59433575264782,0.07211368899892547
23,37.077618181710484,38.59911350469718,-1.5214953229866965
24,38.022552222784704,38.603901107657556,-0.5813488848728517
25,38.72715331942247,38.608698561528946,0.11845475789352221
26,37.38435438411855,38.61350586631134,-1.229151482192788
27,39.019532711758785,38.618323022004745,0.40120968975403787
28,37.9817251323648,38.62315002860916,-0.6414248962443622
29,38.31648575185438,38.62798688612459,-0.3115011342702058
30,37.99026825902301,38.63283359455103,-0.6425653355280204
31,40.61574678303265,38.63769015388847,1.9780566291441788
32,38.62814281403654,38.642556564136925,-0.014413750100380903
33,37.517898324357425,38.64743282529639,-1.129534500938965
34,39.530718537255204,38.65231893736687,0.8783995998883336
35,37.3534701954924,38.65721490034835,-1.3037447048559516
36,38.885167134665856,38.66212071424084,0.22304642042501227
37,36.57429539019348,38.667036379044355,-2.092740988850878
38,37.25358573466991,38.671961894758866,-1.418376160088951
39,38.88712630575209,38.67689726138439,0.2102290443677005
40,39.470454430504546,38.68184247892092,0.788611951583623
41,38.86980254492652,38.68679754736847,0.18300499755804747
42,38.56826111928346,38.69176246672703,-0.12350134744356608
43,38.37518717712905,38.69673723699658,-0.3215500598675364
44,37.1228012355402,38.70172185817716,-1.5789206226369545
45,37.937991297347374,38.70671633026875,-0.7687250329213705
46,38.21980233227715,38.71172065327134,-0.4919183209941937
47,39.84564064968824,38.716734827184936,1.1289058225033028
48,39.08871044775827,38.72175885200955,0.36695159574871916
49,36.844033811763474,38.72679272774518,-1.8827589159817006
50,39.077927257286355,38.73183645439181,0.3460908028945457
51,38.32565884436984,38.73689003194946,-0.41123118757961763
52,38.01906525641235,38.7419534604181,-0.7228882040057583
53,39.40023874010687,38.74702673979777,0.6532120003091053
54,39.853119133801314,38.75210987008844,1.1010092637128754
55,39.75172129275001,38.757202851290124,0.9945184414598919
56,37.86610132328692,38.762305683402815,-0.8962043601158982
57,38.437209008576716,38.76741836642652,-0.33020935784980193
58,39.12629868467298,38.77254090036123,0.35375778431175603
59,39.81946253796181,38.77767328520695,1.0417892527548587
60,38.27110308726343,38.78281552096368,-0.511712433700256
61,38.58970150882331,38.78796760763142,-0.1982660988081156
62,37.61166919671138,38.79312954521018,-1.181460348498795
63,37.520866625254016,38.79830133369994,-1.277434708445922
64,39.671183139727546,38.8034829731007,0.8677001666268476
65,40.25700960100762,38.80867446341249,1.448335137595131
66,38.736975855400495,38.81387580463528,-0.07689994923478502
67,39.8907645222299,38.81908699676908,1.0716775254608184
68,39.21050086045248,38.824308039813886,0.386192820638593
69,38.14061249828031,38.829538933769705,-0.6889264354893923
70,39.22071575411271,38.83477967863654,0.38593607547617215
71,40.482506794198436,38.84003027441438,1.6424765197840534
72,38.80703192458439,38.845290721103225,-0.038258796518831496
73,40.521451374976316,38.85056101870308,1.6708903562732353
74,36.0582029867554,38.85584116721396,-2.797638180458564
75,39.73884473627475,38.861131166635836,0.877713569638913
76,38.95938899262061,38.866431016968725,0.09295797565188475
77,38.55242935521202,38.87174071821262,-0.3193113630005985
78,38.97505203739232,38.87706027036754,0.0979917670247824
79,36.75985543409107,38.88238967343345,-2.1225342393423756
80,38.65314027997739,38.88772892741038,-0.23458864743298938
81,39.274440235523116,38.89307803229832,0.38136220322479425
82,40.47668702463197,38.89843698809727,1.5782500365347025
83,38.350342578796855,38.90380579480723,-0.5534632160103685
84,38.045790312067204,38.90918445242819,-0.8633941403609862
85,38.37874424225976,38.91457296096017,-0.5358287187004134
86,39.89753356909598,38.91997132040316,0.9775622486928233
87,39.27645439480263,38.92537953075716,0.35107486404546706
88,38.36506416618907,38.93079759202216,-0.5657334258330894
89,39.484346222287215,38.93622550419818,0.5481207180890413
90,39.04533284112942,38.94166326728521,0.10366957384421682
91,39.98153144555656,38.947110881283244,1.0344205642733173
92,38.2028425285644,38.95256834619229,-0.7497258176278808
93,38.60812370676836,38.95803566201235,-0.34991195524398644
94,38.544778678478544,38.96351282874342,-0.41873415026487815
95,37.40610531509144,38.96899984638549,-1.5628945312940556
96,39.29072495860647,38.974496714938574,0.31622824366789154
97,39.25878559359837,38.980003434402676,0.2787821591956957
98,38.990980689298105,38.98552000477778,0.005460684520323479
99,38.740529717415384,38.991046426063896,-0.25051670864851006
100,37.485101592224176,38.99658269826103,-1.5114811060368525
101,38.552919692754884,39.002128821369155,-0.4492091286142727
102,38.641698343143055,39.0076847953883,-0.36598645224524806
103,38.15649493207058,39.01325062031846,-0.8567556882478775
104,38.846588522257576,39.01882629615963,-0.17223777390205777
105,39.455899642893485,39.024411822911794,0.43148781998168695
106,41.04427404067002,39.030007200574985,2.014266840095029
107,39.22204490071936,39.03561242914918,0.1864324715701808
108,39.316266788354085,39.041227508634385,0.27503927971970143
109,38.96735129367051,39.046852439030594,-0.07950114536008294
110,37.0034223692936,39.052487220337824,-2.0490648510442178
111,39.02981755963007,39.05813185255606,-0.028314292925989703
112,39.12810646159566,39.06378633568531,0.06432012591035147
113,41.69995856564421,39.069450669725555,2.630507895918651
114,38.86970167107725,39.075124854676815,-0.20542318359956446
115,39.40283272286208,39.080808890539096,0.32202383232298415
116,39.0494339143581,39.086502777312376,-0.037068862954278956
117,37.84416971416302,39.09220651499667,-1.2480368008336484
118,40.31834598945207,39.097920103591974,1.2204258858600967
119,39.906636383168305,39.103643543098286,0.8029928400700196
120,39.954123589051235,39.10937683351561,0.8447467555356218
121,38.1439808131018,39.115119974843935,-0.9711391617421363
122,40.61892364288312,39.12087296708329,1.4980506757998298
123,37.629592433585444,39.12663581023364,-1.4970433766481952
124,39.7591159688974,39.132408504295,0.6267074646023959
125,41.47738896657604,39.13819104926737,2.3391979173086663
126,38.086185021177904,39.14398344515075,-1.0577984239728473
127,38.54503366955549,39.14978569194515,-0.6047520223896637
128,39.26201595348977,39.15559778965055,0.10641816383922491
129,38.62375570725573,39.16141973826696,-0.5376640310112225
130,37.51129072961536,39.16725153779438,-1.655960808179018
131,39.246311913132324,39.17309318823281,0.07321872489951162
132,38.04450553207663,39.17894468958225,-1.1344391575056263
133,39.69055763723753,39.1848060418427,0.505751595394833
134,38.20881975906418,39.190677245014164,-0.9818574859499887
135,40.851740576912206,39.19655829909664,1.6551822778155663
136,38.366009310686415,39.20244920409012,-0.8364398934037076
137,38.86441894442108,39.20834995999461,-0.3439310155735221
138,40.08301944881768,39.214260566810104,0.8687588820075786
139,37.90573520259619,39.220181024536615,-1.3144458219404258
140,39.469016872564104,39.22611133317414,0.24290553938996948
141,40.62795541901741,39.23205149272266,1.395903926294753
142,37.52136255825779,39.238001503182204,-1.7166389449244108
143,39.441132734862414,39.24396136455276,0.19717137030965684
144,39.527461141304585,39.24993107683432,0.27753006447026113
145,40.09082298055399,39.25591064002688,0.8349123405271078
146,37.94095454279215,39.261900054130464,-1.3209455113383133
147,37.85777746009986,39.26789931914505,-1.4101218590451878
148,39.83129230026373,39.27390843507065,0.5573838651930785
149,39.59707873832971,39.279927401907266,0.31715133642243865
150,39.55345871864439,39.28595621965488,0.26750249898951284
151,39.66196856893121,39.29199488831351,0.3699736806176984
152,38.57184179316358,39.29804340788315,-0.7262016147195738
153,39.55212659944886,39.3041017783638,0.24802482108505777
154,39.62314347937447,39.31016999975545,0.31297347961901456
155,38.55338881593608,39.31624807205812,-0.7628592561220415
156,41.31480541542888,39.3223359952718,1.992469420157076
157,39.83444218549453,39.32843376939649,0.5060084160980425
158,38.062342758356884,39.334541394432186,-1.2721986360753037
159,40.041795572634555,39.340658870378896,0.7011367022556572
160,38.305919034181635,39.34678619723661,-1.0408671630549782
161,40.19345474397076,39.35292337500534,0.840531368965424
162,40.59634009930605,39.359070403685074,1.2372696956209726
163,38.488816756059386,39.36522728327582,-0.8764105272164385
164,40.4001879361744,39.37139401377758,1.0287939223968139
165,39.8183812983232,39.37757059519035,0.4408107031328559
166,40.2616389583341,39.38375702751412,0.8778819308199814
167,41.41554750325811,39.38995331074891,2.025594192509206
168,39.134108315840706,39.39615944489471,-0.2620511290539978
169,38.59745701704677,39.40237542995151,-0.8049184129047419
170,38.4586846016972,39.40860126591932,-0.949916664222123
171,38.54362929306551,39.41483695279815,-0.8712076597326418
172,39.338745210637065,39.421082490587985,-0.08233727995092112
173,39.79165568585557,39.427337879288835,0.36431780656673296
174,39.72908253145073,39.433603118900685,0.29547941255004384
175,40.323231111248354,39.439878209423554,0.8833529018247975
176,39.46004793265512,39.44616315085743,0.013884781797690813
177,41.00469385520181,39.45245794320231,1.5522359119994955
178,39.17613430318368,39.45876258645821,-0.2826282832745287
179,42.36995859214205,39.46507708062511,2.904881511516943
180,40.13955454397438,39.47140142570303,0.6681531182713489
181,38.562373015324205,39.477735621691956,-0.9153626063677494
182,38.340468507694844,39.48407966859188,-1.1436111608970365
183,40.00566813933714,39.49043356640283,0.5152345729343092
184,39.258160350344035,39.49679731512478,-0.23863696478074392
185,40.26565541755154,39.503170914757746,0.7624845027937966
186,40.014927061626125,39.50955436530172,0.505372696324407
187,39.438173326660774,39.5159476667567,-0.07777434009592951
188,38.618055804717564,39.5223508191227,-0.9042950144051346
189,37.91105131032102,39.5287638223997,-1.617712512078685
190,39.05835124855383,39.535186676587706,-0.4768354280338823
191,40.45617170242885,39.541619381686736,0.9145523207421131
192,39.776693659096296,39.54806193769677,0.2286317213995248
193,38.22418401409758,39.554514344617814,-1.3303303305202308
194,39.745917331810176,39.56097660244986,0.1849407293603106
195,39.97893096243974,39.567448711192924,0.41148225124681764
196,38.63005513664396,39.573930670847,-0.9438755342030342
197,39.744586248725504,39.58042248141208,0.16416376731342622
198,39.64908550847519,39.58692414288817,0.06216136558701705
199,38.372852271285296,39.59343565527527,-1.220583383989976
200,39.98203983198651,39.599957018573384,0.38208281341312733
201,40.20535267937656,39.60648823278251,0.5988644465940509
202,40.769624840182736,39.61302929790264,1.1565955422800973
203,40.744940406731175,39.61958021393378,1.125360192797395
204,38.15492135045156,39.62614098087593,-1.4712196304243688
205,38.63120380540955,39.632711598729095,-1.0015077933195469
206,40.18930066396941,39.639292067493265,0.5500085964761473
207,40.19455683286596,39.64588238716844,0.5486744456975223
208,40.202504416643585,39.65248255775463,0.5500218588889545
209,43.77344275037501,39.65909257925183,4.114350171123181
210,40.27536912668671,39.66571245166005,0.6096566750266605
211,40.88501809006223,39.67234217497926,1.2126759150829678
212,40.697764742107104,39.67898174920949,1.0187829928976144
213,40.3812549708128,39.68563117435073,0.6956237964620647
214,39.35561293374184,39.692290450402986,-0.3366775166611488
215,40.509466395655586,39.69895957736624,0.810506818289348
216,38.880334855412585,39.70563855524051,-0.8253036998279303
217,39.45942767442254,39.71232738402579,-0.25289970960324737
218,39.200704036632615,39.71902606372208,-0.5183220270894673
219,39.81316837480741,39.725734594329374,0.08743378047803559
220,42.20428780082443,39.732452975847686,2.471834824976744
221,37.74511988235611,39.73918120827701,-1.9940613259208997
222,40.4787797929399,39.74591929161734,0.7328605013225619
223,38.03044032355356,39.75266722586867,-1.7222269023151096
224,39.25544674068464,39.75942501103102,-0.5039782703463787
225,40.92908813718589,39.76619264710438,1.1628954900815136
226,39.84161507033898,39.77297013408875,0.06864493625023316
227,38.62882872902441,39.77975747198412,-1.1509287429597035
228,39.02267844835853,39.786554660790515,-0.7638762124319808
229,40.519107349122834,39.79336170050791,0.7257456486149221
230,39.020216612608365,39.80017859113632,-0.779961978527955
231,40.038162483712064,39.80700533267573,0.23115715103633555
232,39.86250830838217,39.81384192512616,0.04866638325600838
233,39.12484127709835,39.8206883684876,-0.6958470913892533
234,42.117072690392,39.82754466276005,2.2895280276319494
235,40.511375928476504,39.8344108079435,0.6769651205330066
236,37.678627462691665,39.84128680403797,-2.162659341346304
237,40.04728809517421,39.84817265104345,0.19911544413076246
238,39.14834345490196,39.85506834895993,-0.7067248940579729
239,40.77229148555526,39.86197389778742,0.9103175877678348
240,39.02255265462765,39.86888929752593,-0.8463366428982799
241,39.753286959962146,39.87581454817545,-0.12252758821330084
242,40.422027952085365,39.88274964973598,0.539278302349389
243,40.81423866657451,39.889694602207506,0.924544064367002
244,38.6148471985722,39.896649405590054,-1.2818022070178567
245,39.54639860890776,39.90361405988361,-0.3572154509758479
246,39.403392222184685,39.910588565088176,-0.50719634290349
247,39.21987954538467,39.91757292120376,-0.697693375819083
248,41.809904056908,39.924567128230336,1.8853369286776662
249,40.364053069692815,39.93157118616793,0.43248188352488787
250,38.59208115985566,39.938585095016535,-1.3465039351608765
251,40.92579796686259,39.945608854776154,0.9801891120864369
252,42.218903099884415,39.95264246544677,2.266260634437646
253,41.06226045933912,39.95968592702841,1.102574532310712
254,38.34419687066266,39.966739239521054,-1.6225423688583984
255,39.456686547487216,39.97380240292471,-0.5171158554374946
256,41.33381582227343,39.98087541723937,1.3529404050340597
257,39.23223471490533,39.987958282465044,-0.7557235675597117
258,40.469007863898604,39.99505099860173,0.47395686529687386
259,40.82938893308045,40.00215356564942,0.8272353674310325
260,39.019392551315434,40.009265983608124,-0.9898734322926912
261,39.95282084335705,40.01638825247784,-0.06356740912078841
262,36.56215565799894,40.02352037225856,-3.461364714259613
263,38.93671393838501,40.03066234295029,-1.0939484045652825
264,39.76809544176499,40.03781416455303,-0.26971872278804465
265,38.71246227864872,40.04497583706679,-1.3325135584180632
266,41.79540710853416,40.05214736049155,1.7432597480426058
267,38.53207399687965,40.059328734827325,-1.5272547379476706
268,39.59659437259543,40.0665199600741,-0.4699255874786726
269,40.21333951673971,40.073721036231895,0.13961848050781292
270,41.62007452173961,40.0809319633007,1.5391425584389113
271,38.5547887625698,40.08815274128051,-1.5333639787107103
272,41.33753143949079,40.09538337017133,1.2421480693194655
273,40.1135517842087,40.102623849973156,0.01092793423554628
274,39.061716452540836,40.109874180686,-1.04815772814516
275,40.61061684688566,40.117134362309855,0.49348248457580607
276,40.33698118472302,40.12440439484471,0.21257678987831444
277,39.49070983788659,40.131684278290585,-0.6409744404039953
278,40.21351598916986,40.138974012647466,0.0745419765223959
279,39.7347953864102,40.14627359791536,-0.4114782115051633
280,40.27480874369609,40.153583034094254,0.12122570960183694
281,40.86799479846414,40.16090232118417,0.7070924772799729
282,41.861946314409266,40.16823145918509,1.693714855224179
283,38.85370142562028,40.17557044809702,-1.3218690224767422
284,42.460795711780754,40.18291928791995,2.277876423860805
285,38.105634189826574,40.1902779786539,-2.084643788827328
286,40.03555449980682,40.19764652029887,-0.16209202049204646
287,40.83329163869491,40.20502491285484,0.6282667258400675
288,40.51248570015316,40.21241315632181,0.30007254383134496
289,39.55482748991953,40.2198112506998,-0.6649837607802656
290,40.004964461017266,40.2272191959888,-0.22225473497153536
291,39.70815896360117,40.23463699218881,-0.5264780285876384
292,39.612679229372056,40.24206463929983,-0.6293854099277677
293,41.15679623288601,40.249502137321855,0.9072940955641509
294,40.638208011365435,40.256949486254896,0.3812585251105411
295,39.524445253866084,40.264406686098944,-0.7399614322328624
296,41.232560696329145,40.271873736854005,0.9606869594751428
297,40.60751724950025,40.279350638520064,0.3281666109801826
298,41.15489669028706,40.286837391097144,0.8680592991899164
299,40.966717611194944,40.29433399458524,0.6723836166097095
300,39.41655275807707,40.301840448984336,-0.8852876909072698
301,39.71113677343544,40.309356754294434,-0.5982199808589954
302,41.114921283959454,40.31688291051555,0.7980383734438996
303,40.976236209386315,40.324418917647684,0.6518172917386343
304,40.30964386469256,40.33196477569082,-0.022320910998260293
305,40.46481495189888,40.339520484644964,0.12529446725391424
306,41.711510426374296,40.34708604451012,1.3644243818641764
307,39.72291957273049,40.35466145528629,-0.6317418825558001
308,40.94649459650984,40.362246716973466,0.5842478795363716
309,40.1539193402523,40.36984182957165,-0.2159224893193451
310,40.14498400715336,40.37744679308085,-0.23246278592749062
311,41.558450601767944,40.38506160750106,1.173388994266889
312,41.2741522937435,40.39268627283227,0.8814660209112288
313,41.26907157490224,40.40032078907449,0.8687507858277522
314,41.80209214551874,40.40796515622773,1.3941269892910089
315,40.43804947605891,40.41561937429198,0.022430101766926367
316,41.15154424497408,40.42328344326724,0.7282608017068489
317,40.09962202712489,40.430957363153496,-0.33133533602860643
318,40.78481991414045,40.43864113395077,0.3461787801896847
319,40.30735437270039,40.44633475565906,-0.13898038295867346
320,40.55762067780386,40.45403822827835,0.10358244952551071
321,41.09732255264044,40.46175155180865,0.635571000831787
322,39.595692990812694,40.46947472624997,-0.873781735437273
323,42.71167801423394,40.47720775160229,2.2344702626316435
324,39.410619910615786,40.48495062786563,-1.0743307172498426
325,39.19606559585109,40.49270335503997,-1.2966377591888796
326,41.737218009443765,40.50046593312533,1.236752076318436
327,41.35365869527466,40.50823836212169,0.845420333152976
328,41.18252114493682,40.51602064202906,0.6665005029077605
329,41.194825912443804,40.52381277284744,0.6710131395963647
330,40.518536367961886,40.531614754576836,-0.013078386614948326
331,39.581244402495,40.53942658721724,-0.9581821847222373
332,40.62820031679959,40.547248270768655,0.08095204603093542
333,39.83193561249512,40.555079805231074,-0.7231441927359482
334,41.604256163411335,40.562921190604506,1.0413349728068284
335,40.41372915402765,40.57077242688895,-0.15704327286129893
336,39.69708115542062,40.57863351408441,-0.8815523586637893
337,40.24329499266614,40.586504452190866,-0.34320945952473064
338,41.0353566931982,40.594385241208336,0.44097145198986665
339,40.00027176641426,40.60227588113682,-0.6020041147225602
340,39.732123324831626,40.610176371976316,-0.8780530471446862
341,40.87832143881323,40.61808671372681,0.2602347250864185
342,40.8876078656572,40.62600690638833,0.2616009592688732
343,40.09256993661016,40.63393694996085,-0.5413670133506879
344,40.13885281122868,40.64187684444438,-0.5030240332156999
345,40.89763381486677,40.64982658983892,0.2478072250278486
346,39.11137007261775,40.65778618614447,-1.5464161135267143
347,39.16271841548013,40.66575563336103,-1.5030372178808993
348,39.906504951454345,40.6737349314886,-0.7672299800342562
349,40.453782858227754,40.68172408052719,-0.22794122229943228
350,41.021742739470525,40.689723080476774,0.3320196589937544
351,42.273271809576464,40.69773193133737,1.5755398782390944
352,41.62164939897056,40.705750633108984,0.9158987658615797
353,40.542980073598,40.71377918579161,-0.17079911219360572
354,40.70151009107442,40.72181758938523,-0.020307498310816532
355,39.65925999633506,40.729865843889876,-1.070605847554817
356,40.718153683865786,40.737923949305525,-0.019770265439736333
357,40.437731980610685,40.74599190563219,-0.30825992502150396
358,41.09870238897831,40.75406971286985,0.3446326761084626
359,39.87875353599434,40.76215737101853,-0.8834038350241888
360,41.32486747764009,40.77025488007822,0.55461259756187
361,42.415181370656875,40.77836224004892,1.6368191306079518
362,40.670333974273284,40.78647945093062,-0.11614547665733367
363,41.22359635968491,40.79460651272334,0.42898984696157366
364,41.53975145655611,40.802743425427074,0.7370080311290393
365,40.382424950505026,40.810890189041814,-0.42846523853678764
366,41.05835622420083,40.81904680356756,0.23930942063327243
367,40.84066075332476,40.82721326900432,0.013447484320446644
368,40.93969835271724,40.83538958535209,0.10430876736514473
369,40.01807495033588,40.84357575261087,-0.8255008022749879
370,40.87794630173387,40.85177177078065,0.026174530953218287
371,41.391792369170965,40.85997763986145,0.5318147293095199
372,42.417876478320785,40.86819335985326,1.5496831184675306
373,41.90082878050308,40.876418930756074,1.02440984974701
374,43.18404807725862,40.884654352569896,2.2993937246887297
375,40.07344553555674,40.89289962529473,-0.8194540897379898
376,41.83271008043283,40.90115474893058,0.9315553315022551
377,41.10521151808172,40.90941972347744,0.19579179460427565
378,43.2561954527393,40.9176945489353,2.3385009038039986
379,40.06279366546535,40.92597922530418,-0.8631855598388316
380,40.03753082786881,40.93427375258407,-0.8967429247152602
381,40.302483891315404,40.94257813077497,-0.6400942394595628
382,38.68277407601567,40.95089235987687,-2.2681182838611984
383,40.397760166939534,40.959216439889786,-0.5614562729502509
384,40.15686901304335,40.96755037081371,-0.810681357770363
385,41.1365003881533,40.97589415264865,0.1606062355046537
386,41.34921060744223,40.98424778539459,0.36496282204764136
387,42.996182977100275,40.992611269051544,2.003571708048734
388,42.015946713168404,41.000984603619514,1.0149621095488905
389,40.393289648134456,41.00936778909849,-0.6160781409640333
390,40.05833955105818,41.017760825488466,-0.9594212744302845
391,41.551486521393144,41.02616371278946,0.5253228086036853
392,39.6246931683477,41.03457645100147,-1.4098832826537697
393,42.998822513671925,41.042999040124485,1.9558234735474422
394,42.31096116041001,41.05143148015851,1.2595296802514935
395,40.55883887437999,41.05987377110354,-0.501034896723555
396,39.238861451182565,41.06832591295959,-1.829464461777022
397,42.522594613990094,41.07678790572664,1.4458067082634507
398,40.96294210721797,41.085259749404706,-0.12231764218673977
399,42.415611334833656,41.09374144399378,1.321869890839875
400,39.39953615564592,41.102232989493864,-1.702696833847948
401,40.47065896558603,41.110734385904955,-0.6400754203189223
402,41.12484540494362,41.11924563322706,0.0055997717165595425
403,41.177937529623584,41.12776673146017,0.05017079816341624
404,40.655670636106436,41.136297680604294,-0.4806270444978606
405,41.809982867688205,41.14483848065942,0.665144387028784
406,40.013272228337726,41.15338913162557,-1.1401169032878464
407,41.0099019084062,41.161949633502715,-0.15204772509651268
408,41.2989842600457,41.170519986290884,0.12846427375481437
409,41.72847185268601,41.17910018999005,0.5493716626959576
410,41.94762713678717,41.18769024460024,0.7599368921869278
411,39.9952795439504,41.19629015012143,-1.2010106061710233
412,39.566612131711594,41.20489990655363,-1.6382877748420317
413,42.57795663171035,41.21351951389684,1.3644371178135113
414,41.57702867642616,41.22214897215106,0.3548797042750971
415,40.43147597075569,41.23078828131629,-0.7993123105605986
416,42.89591996850595,41.23943744139253,1.6564825271134176
417,41.37162594114688,41.248096452379784,0.1235294887670973
418,42.51614235179736,41.25676531427805,1.2593770375193154
419,41.3375473325519,41.26544402708731,0.07210330546458403
420,43.47481504115379,41.274132590807596,2.2006824503461906
421,43.15736778875841,41.28283100543889,1.8745367833195223
422,41.02566927994159,41.29153927098119,-0.2658699910396036
423,42.33780259867321,41.30025738743449,1.0375452112387131
424,41.99818538211846,41.308985354798814,0.68920002731964
425,42.77929128302331,41.31772317307415,1.4615681099491602
426,40.29602451741582,41.32647084226049,-1.0304463248446671
427,42.06786595952509,41.33522836235783,0.7326375971672626
428,42.474292246152906,41.34399573336619,1.1302965127867157
429,39.47460674399419,41.352772955285566,-1.878166211291382
430,40.09795266905703,41.361560028115946,-1.2636073590589174
431,39.192651269569744,41.37035695185733,-2.177705682287585
432,41.091462894492935,41.37916372650973,-0.28770083201679675
433,42.15424711893277,41.38798035207314,0.766266766859627
434,43.00118102627527,41.39680682854756,1.6043741977277057
435,41.484769322196826,41.405643155932985,0.07912616626383984
436,43.15369557397608,41.41448933422942,1.7392062397466599
437,39.94952849232946,41.42334536343687,-1.4738168711074113
438,39.6131610845062,41.43221124355533,-1.819050159049125
439,41.38176732435349,41.44108697458479,-0.05931965023130195
440,41.86011786496395,41.449972556525275,0.41014530843867514
441,41.4239531133357,41.45886798937676,-0.034914876041065676
442,39.25994208149794,41.467773273139265,-2.207831191641325
443,41.3815166963376,41.47668840781277,-0.0951717114751728
444,40.092564247448365,41.48561339339728,-1.3930491459489174
445,42.209694710398566,41.494548229892814,0.715146480505751
446,41.89498491725332,41.50349291729935,0.39149199995397155
447,40.50874538889074,41.5124474556169,-1.003702066726165
448,40.9726509347205,41.521411844845446,-0.5487609101249448
449,40.39924695794994,41.53038608498502,-1.1311391270350797
450,41.47243487176713,41.5393701760356,-0.0669353042684673
451,42.568365117115206,41.54836411799718,1.0200009991180248
452,40.50470640636094,41.55736791086977,-1.052661504508836
453,42.10465521125396,41.56638155465338,0.5382736566005805
454,41.00914043210647,41.575405049348,-0.5662646172415275
455,40.737725749390286,41.58443839495362,-0.8467126455633395
456,41.479183364131416,41.59348159147026,-0.11429822733884185
457,40.49699446909068,41.6025346388979,-1.1055401698072238
458,41.02035282689983,41.61159753723656,-0.5912447103367334
459,40.341450822500164,41.620670286486224,-1.279219463986061
460,43.727892143543535,41.6297528866469,2.09813925689664
461,41.67650345156359,41.63884533771858,0.037658113845010784
462,40.900707462042476,41.64794763970128,-0.7472401776588036
463,41.88556995077284,41.657059792594985,0.22851015817785367
464,41.546226141148765,41.66618179639969,-0.11995565525092407
465,41.43933917122816,41.67531365111542,-0.23597447988725417
466,42.3403268789469,41.684455356742156,0.655871522204743
467,42.5025529776553,41.6936069132799,0.8089460643753966
468,41.136243637462584,41.70276832072865,-0.5665246832660678
469,41.097020557952675,41.711939579088416,-0.6149190211357398
470,41.42739168077365,41.721120688359186,-0.2937290075855334
471,39.27207915530475,41.730311648540976,-2.458232493236222
472,40.12143276184992,41.73951245963376,-1.618079697783839
473,43.20841461319505,41.74872312163757,1.4596914915574841
474,43.51461243172984,41.75794363455238,1.7566687971774564
475,41.50122723451731,41.767173998378205,-0.26594676386089383
476,42.392122119405606,41.77641421311503,0.6157079062905763
477,42.118049790111016,41.78566427876287,0.33238551134814026
478,45.082875564853325,41.79492419532173,3.2879513695315947
479,42.99979330305688,41.804193962791594,1.1955993402652922
480,41.67686978055072,41.81347358117246,-0.1366038006217446
481,40.80233689701046,41.822763050464346,-1.0204261534538799
482,40.1165307514293,41.83206237066724,-1.7155316192379384
483,42.05865132031703,41.84137154178114,0.21727977853588631
484,41.04298002757018,41.850690563806054,-0.8077105362358757
485,40.34118797712491,41.86001943674197,-1.518831459617058
486,41.17887992109063,41.8693581605889,-0.6904782394982655
487,40.7237165096998,41.878706735346846,-1.154990225647044
488,43.689771688399624,41.88806516101579,1.8017065273838375
489,42.83894070164274,41.89743343759575,0.9415072640469888
490,41.898297543737236,41.90681156508673,-0.008514021349490117
491,43.49663888525561,41.91619954348871,1.5804393417668992
492,42.008219354266444,41.9255973728017,0.08262198146474913
493,41.01523558304937,41.93500505302569,-0.9197694699763235
494,43.57097398623917,41.944422584160705,1.6265514020784613
495,42.529354549340084,41.953849966206725,0.5755045831333594
496,40.85560712779065,41.96328719916376,-1.1076800713731139
497,41.76947070895606,41.97273428303179,-0.2032635740757343
498,41.04711434588487,41.98219121781084,-0.9350768719259727
499,40.51495963416935,41.9916580035009,-1.4766983693315527
500,42.99020402124634,42.001134640101974,0.9890693811443692
501,44.04969618397847,42.01062112761405,2.03907505636442
502,40.52658054278475,42.02011746603714,-1.4935369232523934
503,42.63082116444586,42.02962365537124,0.6011975090746215
504,41.34431542039766,42.03913969561635,-0.6948242752186841
505,41.528462086759,42.048665586772465,-0.5202035000134639
506,41.42558105683868,42.058201328839594,-0.6326202720009141
507,41.145087094704564,42.06774692181774,-0.9226598271131697
508,42.12911884155584,42.077302365706885,0.051816475848954005
509,41.19949210320612,42.08686766050704,-0.8873755573009182
510,42.38526492894539,42.09644280621821,0.28882212272718033
511,42.05237828827902,42.10602780284039,-0.053649514561367614
512,41.860448901593266,42.115622650373574,-0.25517374878031057
513,41.156035823977966,42.125227348817766,-0.9691915248398035
514,41.51890506780241,42.13484189817297,-0.6159368303705615
515,42.95115215930956,42.14446629843919,0.8066858608703685
516,42.68903238216692,42.15410054961642,0.5349318325504999
517,41.119808784781384,42.163744651704654,-1.043935866923273
518,42.27947604322567,42.1733986047039,0.10607743852177576
519,42.98547226954614,42.18306240861416,0.8024098609319782
520,40.40997027227763,42.192736063435426,-1.782765791157791
521,42.782676487129045,42.202419569167695,0.5802569179613498
522,41.50449388134293,42.212112925810985,-0.7076190444680557
523,42.83116114883377,42.22181613336528,0.6093450154684952
524,41.416441130555306,42.23152919183059,-0.8150880612752835
525,40.3138099740463,42.2412521012069,-1.9274421271606013
526,40.512924598520435,42.25098486149423,-1.7380602629737965
527,42.312077614534694,42.260727472692565,0.051350141842126315
528,42.54783882212493,42.27047993480191,0.2773588873230211
529,41.31451824907676,42.280242247822265,-0.9657239987455057
530,42.9719703171734,42.29001441175363,0.6819559054197687
531,40.52545129792493,42.299796426596004,-1.77434512867107
532,42.239021363008014,42.30958829234939,-0.07056692934137716
533,41.026140084690915,42.31939000901379,-1.2932499243228694
534,41.6331027157718,42.329201576589185,-0.6960988608173894
535,42.389640260232746,42.3390229950756,0.050617265157141766
536,41.43001476442495,42.348854264473026,-0.9188395000480731
537,41.94802670126533,42.358695384781456,-0.4106686835161283
538,43.443171203809314,42.368546356000905,1.074624847808408
539,41.76234162364114,42.378407178131354,-0.6160655544902094
540,43.28071740804867,42.38827785117282,0.8924395568758522
541,41.19173908479742,42.3981583751253,-1.2064192903278812
542,42.973829136022665,42.40804874998877,0.5657803860338907
543,43.95740692020511,42.41794897576327,1.5394579444418408
544,39.78837820704831,42.427859052448774,-2.6394808454004646
545,41.58677076972358,42.43777898004529,-0.8510082103217073
546,43.063966811047464,42.44770875855281,0.616258052494655
547,42.24081526039988,42.45764838797134,-0.2168331275714599
548,42.86394630091835,42.467597868300885,0.39634843261746394
549,41.83255856354831,42.47755719954144,-0.6449986359931252
550,42.57999602505404,42.487526381692994,0.09246964336103891
551,42.33125695917828,42.49750541475557,-0.1662484555772914
552,43.75457428260006,42.50749429872915,1.2470799838709103
553,42.789190254848286,42.517493033613746,0.2716972212345384
554,42.88802909812153,42.52750161940934,0.3605274787121856
555,42.09767469700954,42.53752005611595,-0.4398453591064164
556,42.02683135208244,42.54754834373358,-0.5207169916511418
557,42.09565554874317,42.55758648226221,-0.4619309335190418
558,42.98887177916297,42.567634471701844,0.4212373074611267
559,42.12812099494816,42.5776923120525,-0.4495713171043392
560,42.89721194278902,42.58776000331416,0.3094519394748646
561,44.81416786899064,42.59783754548683,2.216330323503803
562,43.538203127260154,42.607924938570505,0.9302781886896491
563,42.269860111416826,42.6180221825652,-0.3481620711483705
564,43.910911303209986,42.628129277470904,1.2827820257390783
565,42.202460603424186,42.63824622328762,-0.4357856198634316
566,40.47185019447726,42.64837302001533,-2.176522825538065
567,41.581969530899016,42.65850966765406,-1.076540136755046
568,40.67082863031692,42.6686561662038,-1.9978275358868867
569,42.30342960441692,42.67881251566455,-0.37538291124763745
570,42.70864779023839,42.6889787160363,0.01966907420208172
571,44.48943009778728,42.69915476731908,1.790275330468199
572,43.05846795737451,42.709340669512855,0.3491272878616546
573,42.48555793219223,42.71953642261765,-0.23397849042542435
574,43.6154681674637,42.72974202663344,0.8857261408302655
575,40.3786756328096,42.73995748156025,-2.361281848750652
576,43.001796687776164,42.750182787398074,0.2516139003780906
577,43.58362852865685,42.7604179441469,0.8232105845099539
578,41.19167371051112,42.770662951806734,-1.5789892412956135
579,44.00233815975978,42.78091781037758,1.2214203493821985
580,43.15266443352963,42.79118251985944,0.3614819136701874
581,42.35796915388951,42.80145708025231,-0.4434879263627957
582,43.48749223759524,42.81174149155619,0.675750746039051
583,45.246919390416124,42.822035753771075,2.424883636645048
584,43.0265557003742,42.83233986689697,0.19421583347723348
585,43.10772976840794,42.842653830933884,0.26507593747405733
586,42.36242396981716,42.85297764588179,-0.49055367606463535
587,41.95575849228865,42.86331131174072,-0.907552819452075
588,43.760374372079994,42.87365482851066,0.8867195435693344
589,41.96979223170836,42.88400819619161,-0.9142159644832474
590,42.970797337811035,42.89437141478356,0.07642592302747064
591,42.394651838950814,42.904744484286525,-0.5100926453357135
592,43.42663222480137,42.915127404700506,0.5115048201008583
593,43.28183951551609,42.92552017602549,0.35631933949059713
594,44.04391660929119,42.93592279826149,1.1079938110296979
595,42.40168634817221,42.94633527140849,-0.5446489232362822
596,42.6685568763405,42.956757595466506,-0.2882007191260049
597,41.92196337163614,42.96718977043553,-1.0452263987993915
598,42.503168923660944,42.97763179631557,-0.4744628726546264
599,43.39100465316696,42.98808367310661,0.40292098006035304
600,43.80693712288631,42.998545400808666,0.8083917220776435
601,42.02423227056333,43.00901697942174,-0.984784708858407
602,43.948154681742146,43.01949840894581,0.9286562727963363
603,44.47768176703653,43.02998968938089,1.4476920776556388
604,43.48199990822836,43.04049082072699,0.44150908750137186
605,45.05524092301925,43.05100180298409,2.00423912003516
606,42.23518949264939,43.061522636152205,-0.826333143502816
607,41.7428806789559,43.072053320231326,-1.3291726412754263
608,41.18309009322535,43.08259385522146,-1.8995037619961106
609,44.6907770333153,43.09314424112261,1.59763279219269
610,43.80250465560818,43.10370447793476,0.6988001776734161
611,43.05491543283827,43.11427456565792,-0.05935913281964819
612,43.42383432377917,43.124854504292095,0.29897981948707364
613,41.933529219926335,43.13544429383728,-1.2019150739109434
614,45.75787403464426,43.14604393429347,2.6118301003507884
615,43.29464933673368,43.15665342566067,0.1379959110730055
616,43.28409598621777,43.16727276793889,0.11682321827887873
617,43.95295156956207,43.177901961128114,0.7750496084339551
618,43.702213037579476,43.188541005228345,0.5136720323511307
619,43.438276708089795,43.19918990023958,0.23908680785021283
620,42.36569723853878,43.20984864616184,-0.84415140762306
621,43.724000530259445,43.2205172429951,0.5034832872643413
622,45.24101854704599,43.231195690739376,2.00982285630661
623,44.67866441662075,43.24188398939465,1.4367804272260942
624,44.95395366870414,43.252582138960946,1.701371529743192
625,42.71736050200898,43.26329013943825,-0.5459296374292674
626,42.21720432530996,43.27400799082656,-1.0568036655166058
627,43.15040724654393,43.284735693125874,-0.13432844658194829
628,43.35498214358663,43.29547324633621,0.059508897250426795
629,44.474712945387104,43.30622065045755,1.1684922949295575
630,41.509586926965284,43.3169779054899,-1.807390978524616
631,44.96115902792495,43.327745011433265,1.633414016491683
632,43.16978458647576,43.33852196828763,-0.1687373818118741
633,42.89344046354601,43.349308776053014,-0.45586831250700577
634,42.27927438806893,43.360105434729405,-1.0808310466604814
635,41.603682681755814,43.370911944316795,-1.7672292625609798
636,44.260796062639095,43.38172830481521,0.8790677578238809
637,43.47085111996661,43.39255451622463,0.0782966037419834
638,42.02583523593544,43.403390578545064,-1.3775553426096268
639,42.03121574912091,43.41423649177651,-1.3830207426555932
640,43.06650618825866,43.42509225591895,-0.3585860676602891
641,45.2183138474632,43.43595787097241,1.7823559764907893
642,43.16961450570101,43.446833336936876,-0.2772188312358618
643,41.85250518866816,43.45771865381236,-1.6052134651441956
644,43.206183641809055,43.468613821598844,-0.26243017978978794
645,43.188276050970806,43.47951884029634,-0.2912427893255354
646,40.610415715450536,43.490433709904856,-2.8800179944543185
647,43.443376685812666,43.501358430424375,-0.05798174461170854
648,43.26567692539409,43.5122930018549,-0.24661607646081177
649,44.26671949221888,43.52323742419644,0.743482068022445
650,45.50870065144435,43.53419169744899,1.9745089539953635
651,44.7482199420539,43.545155821612546,1.203064120441356
652,43.26898229297947,43.55612979668711,-0.28714750370763825
653,42.38544937406713,43.567113622672686,-1.1816642486055553
654,46.326210397992924,43.578107299569275,2.748103098423646
655,43.6523504729925,43.58911082737687,0.0632396456156338
656,43.6149993627745,43.60012420609547,0.0148751566790233
657,43.5853841411586,43.611147435725094,-0.02576329456649844
658,43.8337161686565,43.62218051626572,0.21153565239078226
659,43.47906028141747,43.63322344771736,-0.15416316629989416
660,43.03165986117405,43.64427623008,-0.6126163689059544
661,43.07134561494531,43.65533886335366,-0.5839932484083518
662,43.63143397544664,43.66641134753833,-0.03497737209168833
663,43.09716780071619,43.67749368263401,-0.5803258819178139
664,42.92733448762535,43.688585868640686,-0.761251381015336
665,43.813345248817065,43.699687905558385,0.11365734325868139
666,43.43850841760017,43.71079979338709,-0.27229137578691986
667,45.32804275416186,43.72192153212681,1.6061212220350485
668,40.90206993199116,43.73305312177753,-2.8309831897863718
669,44.909819889171004,43.74419456233927,1.165625326831737
670,45.08604612125148,43.75534585381201,1.3307002674394712
671,41.55232376588094,43.76650699619577,-2.2141832303148297
672,43.41172028785308,43.77767798949053,-0.3659577016374503
673,43.392195377060716,43.7888588336963,-0.3966634566355877
674,42.29696113657323,43.80004952881309,-1.5030883922398617
675,42.980615957344135,43.811250074840885,-0.8306341174967531
676,42.63647127660194,43.822460471779685,-1.1859891951777461
677,45.70493860932192,43.8336807196295,1.871257889692423
678,44.84412619747929,43.844910818390325,0.9992153790889652
679,45.2140504647765,43.856150768062165,1.3578996967143309
680,44.638077577253924,43.86740056864501,0.7706770086089126
681,42.67294049651361,43.878660220138855,-1.205719723625244
682,43.329792050723,43.88992972254372,-0.5601376718207224
683,44.42381448311815,43.9012090758596,0.5226054072585503
684,42.60738221584852,43.912498280086474,-1.3051160642379551
685,44.68521172922146,43.92379733522437,0.7614143939970869
686,43.67846161253765,43.935106241273274,-0.2566446287356234
687,43.54615208603496,43.946424998233184,-0.40027291219822414
688,44.7169911169286,43.95775360610411,0.7592375108244855
689,44.443522955299784,43.96909206488604,0.47443089041374
690,43.59496289977708,43.98044037457898,-0.38547747480190603
691,45.22985231246534,43.99179853518294,1.2380537772823994
692,42.84869390885785,44.0031665466979,-1.1544726378400492
693,44.67230495536982,44.014544409123864,0.657760546245951
694,44.65930775949517,44.02593212246085,0.6333756370343223
695,43.70676358090799,44.037329686708844,-0.33056610580085205
696,44.39701609798413,44.04873710186784,0.34827899611628277
697,42.72408426557508,44.060154367937855,-1.3360701023627781
698,45.058354306699485,44.07158148491887,0.9867728217806132
699,43.88556058725227,44.083018452810904,-0.1974578655586327
700,43.536246887036874,44.09446527161395,-0.5582183845770712
701,45.22616385237235,44.10592194132799,1.12024191104436
702,43.3652165053183,44.117388461953055,-0.7521719566347519
703,42.62476235716292,44.12886483348913,-1.5041024763262092
704,42.47801940318587,44.14035105593621,-1.662331652750342
705,44.7990080210069,44.151847129294296,0.6471608917125984
706,42.795976495313056,44.1633530535634,-1.3673765582503443
707,46.04882183077491,44.174868828743506,1.873953002031408
708,41.96309219866389,44.18639445483463,-2.223302256170743
709,46.009583706855224,44.197929931836754,1.8116537750184671
710,44.43482181047658,44.209475259749894,0.22534655072668278
711,44.117750049234964,44.22103043857405,-0.10328038933908218
712,43.65067379961808,44.232595468309206,-0.5819216686911256
713,44.6704096922289,44.24417034895537,0.4262393432735312
714,44.215564803890004,44.25575508051255,-0.04019027662254498
715,45.44557095820623,44.26734966298074,1.1782212952254885
716,44.400938342331834,44.27895409635994,0.12198424597189765
717,44.45107634220698,44.29056838065014,0.16050796155683905
718,43.91388931559635,44.30219251585137,-0.38830320025501724
719,44.253014001204136,44.3138265019636,-0.060812500759463296
720,44.65417330299689,44.32547033898683,0.3287029640100589
721,42.51082711626342,44.337124026921074,-1.826296910657656
722,42.90905398049026,44.34878756576634,-1.4397335852760762
723,45.15419619501432,44.360460955522605,0.7937352394917174
724,44.554612205265,44.372144196189886,0.18246800907511687
725,44.18736061316924,44.383837287768166,-0.19647667459892945
726,44.41522591451709,44.39554023025747,0.019685684259617565
727,44.77843716986753,44.40725302365777,0.37118414620975665
728,43.842563753867914,44.41897566796909,-0.5764119141011769
729,43.599552867808825,44.43070816319142,-0.8311552953825914
730,44.651594583023986,44.44245050932475,0.20914407369923338
731,43.40939379228655,44.4542027063691,-1.0448089140825536
732,44.901939802004186,44.46596475432446,0.43597504767972867
733,42.65953957393965,44.47773665319082,-1.8181970792511704
734,45.58855857299147,44.489518402968194,1.099040170023272
735,45.005999089141774,44.501310003656585,0.50468908548519
736,44.78652681880833,44.51311145525598,0.2734153635523519
737,45.57434310480188,44.52492275776639,1.0494203470354964
738,46.31531194329622,44.5367439111878,1.778568032108421
739,45.6318255029834,44.54857491552023,1.0832505874631768
740,42.59453747712518,44.56041577076366,-1.965878293638482
741,43.205800185450805,44.57226647691811,-1.3664662914673054
742,43.91688032128148,44.584127033983556,-0.6672467127020706
743,44.623860197815226,44.59599744196002,0.027862755855203925
744,45.16068821583325,44.6078777008475,0.5528105149857442
745,43.844742561914714,44.61976781064599,-0.7750252487312779
746,44.831116882006015,44.631667771355474,0.1994491106505441
747,43.83690057874405,44.64357758297598,-0.8066770042319313
748,44.002454492985656,44.6554972455075,-0.6530427525218441
749,43.16524672419597,44.66742675895002,-1.5021800347540544
750,43.69344097556442,44.67936612330355,-0.985925147739131
751,43.247844958680034,44.691315338568096,-1.4434703798880637
752,43.661134744837206,44.70327440474365,-1.0421396599064479
753,45.8404323770995,44.715243321830215,1.1251890552692903
754,43.713354528539206,44.727222089827784,-1.0138675612885784
755,47.550343959313565,44.73921070873637,2.811133250577194
756,45.27802569687049,44.75120917855597,0.5268165183145253
757,44.960604869519464,44.76321749928657,0.197387370232893
758,43.858591339928275,44.775235670928176,-0.9166443309998987
759,45.53512792413759,44.7872636934808,0.7478642306567876
760,44.18457521120667,44.799301566944436,-0.6147263557377677
761,44.941644149131655,44.811349291319075,0.13029485781257585
762,47.55733324680157,44.82340686660473,2.7339263801968405
763,44.73289147180054,44.835474292801386,-0.10258282100084361
764,46.074865987781266,44.847551569909065,1.2273144178722037
765,44.10871326954945,44.85963869792774,-0.7509254283782922
766,44.83437130246159,44.87173567685743,-0.0373643743958423
767,46.774888876247736,44.88384250669814,1.8910463695495978
768,44.22641810270135,44.89595918744985,-0.6695410847484956
769,46.843608101825886,44.90808571911257,1.935522382713315
770,45.67603373917447,44.92022210168629,0.7558116374881826
771,44.33170740635599,44.932368335171034,-0.6006609288150448
772,45.61987563355979,44.94452441956679,0.6753512139930038
773,45.99528584899359,44.95669035487355,1.03859549412004
774,45.63289993910191,44.96886614109132,0.6640337980105897
775,43.30420137723739,44.9810517782201,-1.6768504009827119
776,44.216734038945255,44.99324726625989,-0.776513227314636
777,44.74112628425953,45.00545260521069,-0.26432632095116654
778,44.9381799842822,45.017667795072505,-0.07948781079030667
779,45.69271150279973,45.02989283584532,0.6628186669544128
780,45.231895466436455,45.04212772752915,0.18976773890730905
781,43.628351917149104,45.054372470123994,-1.4260205529748917
782,45.47264214595297,45.06662706362984,0.40601508232312883
783,45.730938911736125,45.078891508046695,0.6520474036894272
784,45.688968668906426,45.091165803374565,0.5978028655318611
785,46.25762079539348,45.10344994961345,1.1541708457800322
786,46.00629335764083,45.11574394676334,0.8905494108774931
787,45.61840837202315,45.12804779482423,0.49036057719892157
788,45.06543119884902,45.14036149379614,-0.07493029494712174
789,43.37893701124634,45.15268504367906,-1.7737480324327166
790,45.62380977153364,45.16501844447299,0.45879132706064785
791,45.3991523590602,45.17736169617792,0.22179066288228458
792,45.47973512281556,45.18971479879387,0.2900203240216917
793,43.838631912882164,45.20207775232083,-1.363445839438667
794,44.05998516699278,45.2144505567588,-1.1544653897660184
795,46.351500122542475,45.22683321210777,1.1246669104347016
796,45.19698458258302,45.23922571836776,-0.042241135784740265
797,45.979405891786,45.25162807553876,0.7277778162472378
798,45.294281611354336,45.264040283620766,0.030241327733569814
799,45.30823906464158,45.276462342613776,0.031776722027810046
800,46.290891964282416,45.28889425251781,1.0019977117646104
801,44.75024940867369,45.30133601333284,-0.5510866046591566
802,45.41643545712685,45.31378762505889,0.1026478320679603
803,44.83258312166561,45.32624908769594,-0.4936659660303371
804,44.87471982606126,45.33872040124401,-0.46400057518274845
805,45.02103519356292,45.35120156570309,-0.3301663721401728
806,45.60091028584973,45.36369258107318,0.23721770477654838
807,44.864935531186504,45.37619344735427,-0.5112579161677674
808,46.72973206713307,45.388704164546375,1.3410279025866987
809,44.44586936570973,45.401224732649496,-0.9553553669397608
810,45.21419403950248,45.41375515166362,-0.19956111216114303
811,44.9567045458044,45.42629542158875,-0.46959087578434705
812,46.984080065137654,45.43884554242489,1.545234522712759
813,45.66130728914316,45.45140551417205,0.20990177497110957
814,46.5658869981627,45.46397533683022,1.1019116613324857
815,43.890118065638475,45.47655501039939,-1.5864369447609108
816,45.77432877617509,45.48914453487957,0.2851842412955174
817,46.451784842292156,45.50174391027077,0.9500409320213903
818,45.60222459768499,45.51435313657298,0.08787146111200926
819,46.66480374295241,45.52697221378618,1.1378315291662295
820,44.9871863607732,45.53960114191041,-0.55241478113721
821,47.057288714448305,45.552239920945645,1.5050487935026577
822,48.01989272422978,45.56488855089189,2.455004173337887
823,45.19007001788091,45.577547031749134,-0.387477013868222
824,45.11446111497787,45.5902153635174,-0.47575424853953213
825,47.15496969960669,45.602893546196675,1.5520761534100151
826,47.302414141010736,45.61558157978696,1.6868325612237738
827,45.069914769678846,45.628279464288255,-0.5583646946094083
828,45.19226771145814,45.640987199700554,-0.44871948824240887
829,45.35278567019728,45.653704786023866,-0.30091911582658576
830,44.23068716717061,45.66643222325819,-1.4357450560875857
831,44.69813675519202,45.67916951140352,-0.981032756211503
832,44.61958997896996,45.69191665045986,-1.0723266714898956
833,44.88473899119547,45.70467364042722,-0.8199346492317467
834,45.68040032610626,45.71744048130558,-0.0370401551993178
835,45.98033619312754,45.73021717309496,0.2501190200325859
836,47.398790521444774,45.74300371579533,1.6557868056494431
837,44.689653109980846,45.75580010940672,-1.0661469994258757
838,46.81976889625421,45.76860635392912,1.051162542325088
839,45.55290275106713,45.78142244936254,-0.22851969829540714
840,45.741425866349154,45.79424839570695,-0.05282252935780093
841,46.52772711858738,45.807084192962385,0.7206429256249929
842,44.62096968708145,45.819929841128825,-1.1989601540473742
843,46.24116251584594,45.83278534020628,0.40837717563966147
844,46.02340579018196,45.84565069019474,0.1777550999872244
845,46.384416923795655,45.85852589109421,0.5258910327014455
846,46.1802155046634,45.87141094290469,0.30880456175871385
847,48.506332471490126,45.88430584562618,2.622026625863947
848,45.21616505541504,45.89721059925868,-0.6810455438436365
849,45.34307104547923,45.91012520380219,-0.5670541583229584
850,45.257594945439166,45.923049659256705,-0.6654547138175423
851,45.34278732427427,45.93598396562224,-0.5931966413479752
852,45.26825939665447,45.94892812289877,-0.6806687262442958
853,47.231638505257976,45.96188213108633,1.26975637417165
854,47.491809191481096,45.97484599018489,1.5169632012962064
855,45.378317035123715,45.98781970019446,-0.6095026650707438
856,45.11192680996772,46.00080326111503,-0.8888764511473133
857,46.51722357404088,46.01379667294662,0.5034269010942579
858,45.43707833628717,46.02679993568922,-0.589721599402046
859,46.71572392945693,46.03981304934283,0.6759108801140962
860,46.269538467112284,46.052836013907445,0.21670245320483963
861,44.447198523901186,46.06586882938307,-1.6186703054818858
862,47.731499615484324,46.07891149576971,1.6525881197146164
863,48.00979026946221,46.09196401306736,1.917826256394847
864,45.45062644199338,46.10502638127601,-0.6543999392826328
865,45.70407027183541,46.11809860039568,-0.414028328560271
866,46.436457672496225,46.13118067042636,0.3052770020698677
867,46.50144057840642,46.14427259136805,0.35716798703836433
868,46.86063690501371,46.15737436322074,0.7032625417929771
869,48.31719291537403,46.17048598598445,2.1467069293895826
870,45.99464467897077,46.18360745965917,-0.18896278068839767
871,45.344233383170156,46.1967387842449,-0.8525054010747446
872,44.736898435962864,46.20987995974163,-1.472981523778761
873,45.44246734131489,46.223030986149375,-0.780563644834488
874,46.20081541254165,46.236191863468136,-0.035376450926481985
875,48.16577941720581,46.2493625916979,1.9164168255079108
876,45.709783617796795,46.26254317083868,-0.5527595530418897
877,46.514717812314025,46.27573360089046,0.23898421142356302
878,46.271395793504475,46.288933881853254,-0.017538088348778708
879,47.57123480809797,46.302144013727066,1.2690907943709022
880,49.01388707916851,46.31536399651188,2.6985230826566333
881,45.761676558135505,46.3285938302077,-0.566917272072198
882,45.81915882051939,46.34183351481454,-0.5226746942951451
883,47.470147386808954,46.35508305033238,1.115064336476571
884,47.096537581903505,46.36834243676124,0.7281951451422648
885,48.35371915682768,46.3816116741011,1.9721074827265792
886,47.018470431749414,46.39489076235198,0.6235796693974364
887,46.02448997935217,46.40817970151386,-0.3836897221616888
888,47.05224157736845,46.421478491586754,0.6307630857816923
889,47.61877692722957,46.434787132570655,1.18398979465891
890,47.324302424268836,46.44810562446557,0.8761967998032646
891,47.00315430302685,46.461433967271496,0.5417203357553516
892,47.61387910428027,46.47477216098843,1.1391069432918446
893,47.73681649403231,46.48812020561637,1.2486962884159403
894,47.97749222129022,46.50147810115533,1.476014120134892
895,47.2076062030798,46.514845847605294,0.6927603554745039
896,46.349757257011774,46.528223444966265,-0.17846618795449426
897,46.69828713251089,46.54161089323824,0.1566762392726504
898,47.84344482104593,46.55500819242124,1.2884366286246882
899,45.69600587773011,46.568415342515245,-0.8724094647851337
900,46.975540312821806,46.581832343520254,0.39370796930155094
901,46.175210818399385,46.59525919543627,-0.42004837703688647
902,46.63939263055511,46.608695898263306,0.03069673229179927
903,47.98740723945147,46.62214245200135,1.3652647874501238
904,46.83967445473357,46.635598856650404,0.20407559808316572
905,46.6986549214967,46.64906511221046,0.049589809286240676
906,45.21034441755102,46.66254121868153,-1.4521968011305142
907,47.47295488684048,46.67602717606361,0.7969277107768669
908,47.378838592666554,46.689522984356714,0.689315608309837
909,49.01317858850347,46.703028643560806,2.310149944942663
910,46.38786632167065,46.71654415367592,-0.32867783200526984
911,46.964101185560224,46.73006951470204,0.23403167085818427
912,47.0099227413359,46.74360472663918,0.2663180146967235
913,48.44171960372857,46.75714978948731,1.6845698142412657
914,46.668938153738786,46.77070470324646,-0.10176654950767412
915,47.08223787424986,46.78426946791662,0.29796840633324234
916,47.44701963981263,46.79784408349779,0.649175556314835
917,47.010709314728935,46.81142854998998,0.19928076473896048
918,46.34827430007763,46.82502286739316,-0.47674856731552895
919,47.04589665660658,46.83862703570736,0.20726962089921924
920,47.99877747577415,46.85224105493258,1.146536420841568
921,45.76964438438567,46.86586492506879,-1.0962205406831216
922,47.02149758969863,46.87949864611602,0.14199894358261206
923,46.14547989025854,46.89314221807426,-0.7476623278157205
924,48.18299158507914,46.906795640943514,1.2761959441356194
925,45.29384041884602,46.920458914723774,-1.6266184958777579
926,46.33725675663339,46.93413203941503,-0.596875282781648
927,47.35064135951756,46.94781501501731,0.40282634450025107
928,48.63333835274103,46.961507841530604,1.6718305112104248
929,46.9049955043469,46.975210518954896,-0.07021501460799388
930,46.396022848250006,46.98892304729021,-0.592900199040198
931,49.011541953412646,47.00264542653653,2.008896526876112
932,45.47003676753061,47.016377656693855,-1.5463408891632466
933,44.68200446270858,47.0301197377622,-2.3481152750536163
934,47.51376518094649,47.04387166974154,0.4698935112049523
935,46.521487373184456,47.0576334526319,-0.536146079447444
936,45.98082573354816,47.071405086433266,-1.0905793528851089
937,47.84164376968949,47.08518657114564,0.7564571985438486
938,47.35933384147604,47.09897790676903,0.26035593470700535
939,46.51039685708272,47.11277909330343,-0.6023822362207102
940,45.759347011279296,47.12659013074884,-1.3672431194695425
941,48.072112324170014,47.14041101910525,0.9317013050647642
942,47.848594669881734,47.15424175837268,0.6943529115090595
943,47.06217197480674,47.16808234855111,-0.10591037374437152
944,49.153965166960475,47.18193278964056,1.9720323773199158
945,46.05304450128198,47.19579308164102,-1.1427485803590431
946,45.580547683209566,47.20966322455248,-1.629115541342915
947,46.48465131982908,47.22354321837496,-0.7388918985458786
948,47.18875154075268,47.23743306310844,-0.0486815223557539
949,47.511196106974936,47.25133275875294,0.25986334822200086
950,47.00762517877634,47.26524230530844,-0.25761712653210656
951,47.65512332491419,47.27916170277496,0.37596162213923806
952,45.95656608390557,47.293090951152486,-1.336524867246914
953,48.84883309595276,47.30703005044102,1.5418030455117393
954,47.233249368898186,47.32097900064056,-0.0877296317423761
955,48.52810330187494,47.33493780175112,1.1931655001238273
956,47.71490447126696,47.348906453772685,0.3659980174942763
957,47.85065387855845,47.36288495670526,0.4877689218531858
958,47.98533048245661,47.37687331054884,0.6084571719077736
959,47.868981602909756,47.39087151530343,0.47811008760632845
960,48.091246244447355,47.404879570969044,0.6863666734783139
961,48.838305747513076,47.418897477545656,1.4194082699674169
962,47.64279112113301,47.432925235033274,0.20986588609973617
963,48.20411130769345,47.44696284343191,0.757148464261543
964,47.365181130622496,47.461010302741556,-0.09582917211905811
965,49.01297559492103,47.47506761296221,1.5379079819588213
966,46.7668122373497,47.48913477409388,-0.7223225367441816
967,49.42644458767032,47.50321178613654,1.923232801533779
968,47.47441378376644,47.51729864909023,-0.0428848653237943
969,46.00346386798387,47.531395362954925,-1.5279314949710532
970,47.682305237976436,47.54550192773062,0.1368033102458206
971,46.83232005899958,47.559618343417334,-0.7272982844177589
972,48.471471829787546,47.573744610015055,0.8977272197724908
973,46.89094049500695,47.58788072752379,-0.6969402325168355
974,47.12554529845909,47.602026695943536,-0.47648139748445045
975,45.59833303664664,47.61618251527428,-2.017849478627636
976,47.14732812909206,47.63034818551604,-0.48302005642398027
977,45.05605151583804,47.644523706668814,-2.5884721908307693
978,45.96725176626271,47.65870907873259,-1.6914573124698822
979,48.48495470756119,47.67290430170738,0.8120504058538041
980,48.52626907957357,47.68710937559319,0.8391597039803808
981,48.15567244180127,47.70132430039,0.45434814141127344
982,46.682910681855724,47.71554907609782,-1.032638394242099
983,47.67883251995621,47.729783702716645,-0.05095118276043508
984,47.740181011722115,47.74402818024649,-0.003847168524375427
985,46.521259381391125,47.758282508687344,-1.2370231272962213
986,49.37803284121279,47.7725466880392,1.6054861531735904
987,48.72376005578848,47.78682071830207,0.9369393374864121
988,47.565135913723175,47.80110459947595,-0.2359686857527756
989,47.8441098461152,47.81539833156084,0.028711514554361234
990,48.05223490021064,47.82970191455674,0.222532985653896
991,45.663637030985306,47.84401534846365,-2.1803783174783464
992,47.594376738055246,47.85833863328157,-0.26396189522632235
993,47.14437756676487,47.8726717690105,-0.7282942022456329
994,46.81738001232417,47.88701475565044,-1.069634743326269
995,47.601179261638855,47.901367593201385,-0.3001883315625302
996,49.83548822153272,47.91573028166334,1.9197579398693798
997,48.614461941912644,47.930102821036314,0.684359120876332
998,47.33452046811017,47.9444852113203,-0.6099647432101248
999,48.570341311382485,47.95887745251528,0.6114638588672046
1000,49.46765783024673,47.97327954462128,1.4943782856254528
1001,48.97511216845816,47.98769148763829,0.9874206808198703
1002,48.06579283548289,48.00211328156631,0.06367955391657859
1003,47.325678083357715,48.01654492640533,-0.690866843047615
1004,48.77662239933584,48.03098642215537,0.74563597718047
1005,48.46564267195369,48.04543776881642,0.4202049031372716
1006,49.01588003772536,48.05989896638848,0.9559810713368821
1007,48.75267298440934,48.07437001487154,0.6783029695377929
1008,49.20967322029741,48.08885091426562,1.120822306031794
1009,47.53176145203399,48.103341664570706,-0.571580212536717
1010,49.52469361593324,48.117842265786805,1.4068513501464341
1011,48.34337026983833,48.13235271791391,0.2110175519244215
1012,50.36305391679744,48.14687302095203,2.216180895845415
1013,47.425416246102515,48.16140317490115,-0.7359869287986407
1014,50.02978713123865,48.17594317976129,1.8538439514773617
1015,48.40184289673658,48.19049303553244,0.21134986120414315
1016,47.50940037683568,48.20505274221459,-0.6956523653789121
1017,47.702878330243685,48.21962229980776,-0.5167439695640745
1018,47.89210130357698,48.234201708311936,-0.34210040473496034
1019,48.70175978696523,48.24879096772712,0.45296881923811905
1020,48.82172856722288,48.26339007805331,0.5583384891695655
1021,47.66534209314634,48.27799903929052,-0.6126569461441745
1022,48.26660946723662,48.29261785143874,-0.02600838420212367
1023,50.59498715718911,48.30724651449796,2.287740642691148
1024,50.166736546090746,48.321885028468195,1.844851517622554
1025,48.802485502740645,48.33653339334944,0.4659521093912039
1026,48.391775703123834,48.3511916091417,0.04058409398213225
1027,48.49404169704767,48.36585967584496,0.12818202120271227
1028,49.035716336699814,48.38053759345923,0.6551787432405812
1029,47.30298034676483,48.395225361984515,-1.092245015219685
1030,48.13506936046141,48.40992298142081,-0.2748536209594081
1031,46.6427416317079,48.424630451768124,-1.7818888200602259
1032,48.865680032824855,48.43934777302643,0.42633225979842926
1033,49.14521854856525,48.45407494519576,0.6911436033694962
1034,47.95281486111512,48.468811968276086,-0.5159971071609648
1035,50.16442674718013,48.48355884226743,1.680867904912702
1036,47.18931462133083,48.49831556716978,-1.3090009458389527
1037,46.94926928615833,48.513082142983144,-1.5638128568248195
1038,48.76755172775426,48.52785856970752,0.2396931580467438
1039,49.660846074442446,48.542644847342906,1.1182012270995376
1040,50.35571531769436,48.55744097588929,1.7982743418050657
1041,48.08220228183646,48.5722469553467,-0.4900446735102398
1042,49.73899114677024,48.58706278571511,1.1519283610551287
1043,48.560765090381295,48.60188846699454,-0.04112337661324033
1044,48.43237448955139,48.61672399918496,-0.1843495096335674
1045,49.57523400667869,48.63156938228641,0.9436646243922865
1046,49.34304330175305,48.64642461629886,0.6966186854541898
1047,46.97785306501305,48.66128970122232,-1.683436636209275
1048,50.25296905628525,48.676164637056786,1.5768044192284676
1049,50.16485550472832,48.69104942380227,1.4738060809260507
1050,48.03790269541834,48.705944061458766,-0.6680413660404305
1051,49.14352901438758,48.72084855002627,0.4226804643613154
1052,49.26334006076698,48.73576288950477,0.5275771712622058
1053,49.02906182664901,48.75068707989429,0.278374746754723
1054,48.17794764605497,48.765621121194826,-0.5876734751398581
1055,48.06333524395347,48.78056501340637,-0.7172297694528968
1056,48.76822944332047,48.795518756528914,-0.027289313208442273
1057,50.06284521383872,48.810482350562474,1.2523628632762487
1058,49.405968970251585,48.82545579550705,0.5805131747445372
1059,48.44465829419631,48.84043909136263,-0.3957807971663248
1060,49.679532939128755,48.85543223812921,0.8241007009995477
1061,45.82846310588574,48.870435235806816,-3.0419721299210787
1062,50.112220406154925,48.88544808439543,1.2267723217595006
1063,47.04262221573423,48.900470783895045,-1.8578485681608188
1064,48.52845093968615,48.91550333430568,-0.38705239461952934
1065,47.73484496236277,48.93054573562731,-1.1957007732645406
1066,47.56300151984681,48.94559798785996,-1.3825964680131526
1067,50.20031250459126,48.960660091003625,1.2396524135876352
1068,48.476271721306254,48.97573204505829,-0.49946032375203087
1069,49.360846983283245,48.99081385002397,0.3700331332592778
1070,48.95579879791725,49.00590550590066,-0.05010670798341104
1071,49.53044116710037,49.02100701268836,0.5094341544120149
1072,49.118156830995204,49.036118370387065,0.08203846060813753
1073,47.68112611795129,49.05123957899678,-1.370113461045492
1074,50.13028868445955,49.06637063851751,1.0639180459420359
1075,48.554226559753786,49.08151154894925,-0.5272849891954635
1076,47.43438114259255,49.09666231029199,-1.6622811676994402
1077,48.65463671840642,49.11182292254575,-0.4571862041393275
1078,50.72966186037284,49.12699338571052,1.6026684746623208
1079,50.050129517273824,49.1421736997863,0.9079558174875231
1080,48.7850366023249,49.15736386477309,-0.3723272624481865
1081,48.799589927252605,49.17256388067088,-0.3729739534182742
1082,48.84429815588311,49.18777374747969,-0.34347559159658075
1083,51.42076245384275,49.202993465199505,2.2177689886432406
1084,49.626093708716084,49.21822303383033,0.40787067488575396
1085,49.69270596125805,49.23346245337216,0.4592435078858901
1086,50.34895629464014,49.24871172382501,1.1002445708151254
1087,49.518974916893896,49.263970845188865,0.25500407170502776
1088,49.00260748542328,49.27923981746373,-0.27663233204044674
1089,49.0848357086461,49.294518640649606,-0.20968293200351318
1090,49.2333439913518,49.30980731474649,-0.07646332339469243
1091,49.28535603743225,49.32510583975439,-0.039749802322140974
1092,50.11745324490198,49.3404142156733,0.7770390292286836
1093,49.41120569951031,49.35573244250321,0.05547325700710296
1094,50.15345032196671,49.371060520244136,0.7823898017225709
1095,49.30020083144266,49.386398448896074,-0.08619761745341516
