t,value,seasonal,noise
0,40.22113334070739,0.0,1.729415852660147
1,37.44105645123058,0.10936990186946688,-1.1645919706932877
2,38.82142318117328,0.1585032876795524,0.1620704905211681
3,38.071439181016565,0.1315561617556268,-0.565547117540781
4,38.94194964001625,0.06808334990985332,0.3638455685644917
5,38.56339057815519,0.032411019349483414,0.01635840161261591
6,38.035669250919014,0.06447532919747001,-0.5480375220337432
7,39.08983076092226,0.14917828430524097,0.4168008953885224
8,40.29734050278717,0.22736143255204394,1.5414975006224048
9,38.61017902828465,0.24015126866245542,-0.16309364928575334
10,39.32596961062475,0.17329218447942166,0.6149063270311408
11,37.50564014602671,0.06808334990985354,-1.1048738441145736
12,37.720668686504716,-0.009325003374311372,-0.8171063423806633
13,38.93819454122225,-0.017172651785432903,0.403587917808722
14,39.855570740624486,0.03118675362266385,1.2679156179525863
15,38.94315940300822,0.07818314824680292,0.3038089409508943
16,38.36472922655612,0.06630603759551852,-0.2674529205222218
17,38.552367264318114,-0.017622122549614323,-0.0006053691983989561
18,37.37551402787634,-0.13155616175562673,-1.068253063928477
19,38.887548906622165,-0.20896451503979147,0.5164518196961849
20,39.13052096097417,-0.2080869588144688,0.7537981185065228
21,38.060677851257694,-0.1426584774442731,-0.38623152280748696
22,38.121772431365905,-0.07099513605843827,-0.40156818522346877
23,38.77457410623319,-0.05168549308705861,0.22714609462305085
24,38.131530947696014,-0.09927010353251714,-0.37310005642903377
25,38.37890771162993,-0.17329218447942152,-0.05649866541960062
26,40.19838361067079,-0.20896451503979152,1.7938422593992336
27,38.240932155080294,-0.16635093609067403,-0.2110399308337778
28,38.2560010183448,-0.06101049646137012,-0.30613851380300044
29,38.1217729165618,0.04699639462413907,-0.5532103641869267
30,39.366107285157845,0.0974927912181823,0.6357808993886425
31,38.557441160427146,0.0745751275344197,-0.15482412099574558
32,38.10540385686594,0.01762212254961424,-0.5547748298205964
33,39.76692927952423,-0.009325003374311414,1.128821457602149
34,39.89840812024381,0.0332885755748063,1.2128006073021387
35,38.27416257962359,0.12990381056766565,-0.5129561312924242
36,37.28833287002641,0.2208416256910759,-1.5946294699055166
37,39.774450360164884,0.24667107552342338,0.8607429055970977
38,38.27963301118081,0.19256665821699692,-0.584895541795054
39,39.45161761668764,0.09927010353251735,0.6754502517707315
40,37.03114695441819,0.03241101934948354,-1.6831065438522206
41,39.48265325651775,0.03328857557480622,0.7625671335744736
42,37.745197271681576,0.08816778784387085,-1.0347329828893186
43,39.46024004742264,0.13919364470817305,0.624309165717872
44,38.84259522430822,0.12867954484084668,0.012193821290215238
45,37.93513157190676,0.04338837391175601,-0.8149731322737466
46,38.28940472359572,-0.07457512753441943,-0.34774080214119507
47,39.14456971909027,-0.15850328767955238,0.5863381795848809
48,38.64587606556336,-0.166350936090674,0.09046814964447351
49,39.11459891146443,-0.1114717238216092,0.4992779075408565
50,40.3686359865025,-0.051720662320862934,1.688520194431547
51,37.35535553654322,-0.045165686226090615,-1.336368809180141
52,40.01778671285427,-0.10578991039348565,1.381623162829648
53,38.64361384076649,-0.19256665821699664,0.08915375918572233
54,37.74410601434779,-0.2401512686624554,-0.7678525870781878
55,37.41259732491225,-0.20808695881446884,-1.1365185675634135
56,38.489263912139535,-0.11147172382160932,-0.16157004744166886
57,39.54482133583569,-0.009984639597068148,0.7873876090062408
58,38.70005494824699,0.036482294756812486,-0.10896824687105054
59,40.080890500211204,0.012201620289092115,1.291015594715162
60,37.499653243643195,-0.043388373911755325,-1.2397739034087285
61,38.71133369439551,-0.06630603759551859,-0.010327875640388595
62,37.70600738984093,-0.01717265178543332,-1.0699495035838078
63,39.197128486647834,0.08816778784387068,0.3106593651040308
64,39.75082683420245,0.18965487206841186,0.7576889890333294
65,38.676604258433755,0.22739660178584808,-0.35946680676457843
66,36.77508082569093,0.18604685135602902,-2.2248418303003756
67,39.09484304029222,0.10578991039348537,0.16996613312965536
68,39.249109664023905,0.051685493087058526,0.37311613112295905
69,39.239412886939945,0.06447532919746994,0.34539862397276716
70,40.020441604656035,0.12990381056766565,1.0557581154518323
71,38.1146585165014,0.18965487206841197,-0.9150266299813812
72,39.61207609573419,0.18566057906205347,0.5811247955689121
73,39.973747416819684,0.10439887037312688,1.0187875277434701
74,37.324149876105125,-0.012201620289091681,-1.519489670819745
75,39.036724532158075,-0.09749279121818205,0.27308615674041353
76,38.32632829522538,-0.10936990186946688,-0.4307328198738816
77,38.74108346337429,-0.061010496461369336,-0.06964675837696149
78,39.164103918988566,-0.009984639597068065,0.29702828821810634
79,38.45215979139341,-0.013978932603426905,-0.4162509494366098
80,38.22394000925256,-0.08651543665590958,-0.5772734815019138
81,38.73620840340422,-0.18604685135602794,0.029177222461925636
82,37.72290585046701,-0.24667107552342327,-0.9288600621068381
83,37.748798131901474,-0.2273614325520437,-0.9276462303537097
84,39.34693072725252,-0.14265847744427337,0.580404752268598
85,37.88141023414972,-0.05172066232086252,-0.9814420644895927
86,39.47523900335797,-0.013978932603426877,0.5692466155582415
87,39.27580285950885,-0.04477941393211432,0.39520274268380085
88,37.35200099065773,-0.1043988703731247,-1.47439773099131
89,38.2286863632404,-0.12867954484084612,-0.5788595961169305
90,39.88363617999096,-0.0781831482468033,1.0201560609525575
91,38.14006458788738,0.031186753622662933,-0.8382330470185337
92,38.69501038529542,0.13919364470817253,-0.39675160560504186
93,39.538445850764376,0.18566057906205347,0.39474960968997125
94,39.78764206890028,0.1548600977333653,0.6692691424234983
95,38.84061963067598,0.08651543665590977,-0.21489565236541966
96,38.509195232042615,0.0451656862260907,-0.5104671691220563
97,40.26616296965681,0.0709951360584373,1.2151643991956893
98,40.620281625822805,0.1491782843052407,1.4855833367397817
99,40.048149763428,0.2208416256910763,0.8362617116730292
100,39.29686861824904,0.2273966017858482,0.07288931820217039
101,38.466468291186935,0.15486009773336482,-0.6905206279155914
102,38.34299580343498,0.044779413932115576,-0.7094684058854367
103,39.42316455195408,-0.03648229475681165,0.44639622639243065
104,39.3292774518538,-0.04699639462413866,0.3574475503183224
105,40.2218308332369,4.717366099263663e-16,1.1974190103250963
106,39.632698578049514,0.04699639462413881,0.5556949828503859
107,37.78797747633597,0.03648229475681286,-1.2841172475700249
108,39.89515196160589,-0.04477941393211472,0.8987038669036136
109,38.03932541182284,-0.15486009773336362,-0.8526669294743984
110,38.497054829440685,-0.22739660178584817,-0.3280357891112883
111,39.05104221324736,-0.22084162569107577,0.21375198638237347
112,40.6195542482306,-0.14917828430524138,1.7049461968505408
113,41.65533291515428,-0.07099513605843873,2.6568773814871562
114,39.548297106765155,-0.045165686226090615,0.5183379383144333
115,38.83778422578677,-0.08651543665591022,-0.15650922809641774
116,39.3882835665189,-0.15486009773336445,0.4566408869398864
117,39.66489107619702,-0.18566057906205352,0.7583451402624058
118,38.68477248035503,-0.13919364470817325,-0.27395397852876335
119,40.60614854397574,-0.031186753622665344,1.5336917545001187
120,39.38411490280909,0.07818314824680116,0.19655492104667216
121,39.66903327786305,0.12867954484084623,0.42523375817826153
122,39.79418676278483,0.10439887037312592,0.5689149253284177
123,39.53158669165207,0.044779413932116055,0.3601714674863175
124,39.86311425786518,0.01397893260342653,0.7167268209667499
125,38.66257763500267,0.05172066232086192,-0.5273340765855623
126,38.80967145684458,0.14265847744427254,-0.4769704657504411
127,38.43725919975219,0.22736143255204416,-0.9398879247450006
128,39.777745218571006,0.24667107552342352,0.37547635339702995
129,40.01293056899302,0.18604685135602994,0.6654639793700305
130,39.64485322061223,0.08651543665591066,0.3910862461619385
131,40.61763082889033,0.013978932603426572,1.4305587080540871
132,39.18414851721093,0.009984639597067815,-0.004780811968390469
133,39.81713843847765,0.06101049646137025,0.5713219001735678
134,38.367381125915564,0.10936990186946693,-0.9326660209680603
135,38.96334260860921,0.0974927912181828,-0.3307084817056125
136,39.8088652717249,0.012201620289091056,0.5942144473456835
137,39.829359215905086,-0.10439887037312623,0.7254081262836045
138,38.777457033330286,-0.18566057906205308,-0.25114295441775486
139,38.96935720885527,-0.18965487206841286,-0.06116894361293109
140,37.799451883227455,-0.12990381056766612,-1.2967556393790194
141,38.862557626521465,-0.06447532919747075,-0.3050185370037328
142,39.94699152149868,-0.05168549308705851,0.7606755114035283
143,39.62958277876145,-0.10578991039348534,0.4914113246021794
144,39.491614857926855,-0.18604685135602844,0.42773063244856036
145,39.071036882901694,-0.22739660178584814,0.0425228446606568
146,39.07827940645189,-0.18965487206841358,0.006034224389838175
147,38.61560347830216,-0.08816778784387093,-0.5641280529990198
148,39.88810682554984,0.01717265178543264,0.5970257386937551
149,39.70588063733902,0.0663060375955184,0.3596471978362292
150,39.74968799644229,0.043388373911757386,0.4203434028756547
151,38.830389191940554,-0.012201620289092614,-0.44940407608386257
152,37.42190904656542,-0.03648229475681255,-1.8396520665609215
153,40.251410071748104,0.009984639597067482,0.937323653787243
154,39.012559497349336,0.11147172382160965,-0.4090822262277235
155,38.78724517739235,0.20808695881446868,-0.7370898534802387
156,40.15494279047681,0.24015126866245548,0.5924555265425535
157,39.18609470661093,0.19256665821699795,-0.33490572100255644
158,40.34586016478592,0.10578991039348437,0.9055288599602475
159,39.912947412767174,0.04516568622609053,0.5271228561621878
160,39.98249638879539,0.051720662320862726,0.5839895292379167
161,38.297426650025024,0.11147172382160811,-1.166968448801926
162,40.56081390855689,0.16635093609067286,1.0353925687811412
163,39.746923112765316,0.15850328767955302,0.22319254180994041
164,39.13048689922275,0.07457512753442112,-0.3154822420892455
165,39.4566823989479,-0.043388373911753916,0.12250017766930871
166,37.737597481348125,-0.12867954484084695,-1.5174800013251482
167,39.59988148133957,-0.13919364470817355,0.34912181529883696
168,38.42857509742581,-0.08816778784387139,-0.8794165596250273
169,38.213468460407015,-0.03328857557480695,-1.1556183939696902
170,38.075602589523,-0.03241101934948369,-1.3005876570468415
171,40.26616298961979,-0.09927010353251711,0.9505961403541449
172,38.6909211501978,-0.1925666582169962,-0.5375946821731933
173,40.49096686097059,-0.24667107552342313,1.310300057205169
174,38.75501356106443,-0.22084162569107735,-0.45774793214517945
175,37.851337891841524,-0.1299038105676691,-1.4586365070143619
176,38.45900119340615,-0.03328857557480891,-0.9538733818764653
177,40.517566203226565,0.00932500337431133,1.0557832566499454
178,39.30795294297652,-0.017622122549614483,-0.1331875209320684
179,38.92208707650507,-0.07457512753442018,-0.46841487658563263
180,39.51061601033332,-0.09749279121818244,0.1367073758484761
181,39.859424151812824,-0.04699639462413998,0.4286849247450162
182,40.49971054710118,0.061010496461368094,0.9546203820479283
183,40.894271842337986,0.16635093609067336,1.2374873398444863
184,39.398402920163704,0.20896451503979124,-0.3073589100008697
185,38.54358902537391,0.17329218447942263,-1.1328740738632628
186,39.255591348789956,0.099270103532519,-0.35323312004427976
187,39.78999698652556,0.05168549308705861,0.22236382668179977
188,38.76998378471184,0.0709951360584376,-0.8233621704692987
189,38.85370551059118,0.1426584774442744,-0.8177167892527902
190,40.03697979846406,0.208086958814469,0.2937061630618798
191,39.70901903574517,0.20896451503979174,-0.041564860981352966
192,39.70763735260021,0.13155616175562757,0.028019253147808815
193,38.92413586443888,0.01762212254961551,-0.64800060272854
194,39.29783375539201,-0.06630603759551706,-0.19683680946232937
195,38.69967120797969,-0.07818314824680396,-0.7895943549664395
196,40.30326159026309,-0.031186753622664005,0.7605176730387577
197,40.48203325982169,0.017172651785432466,0.8844381266241825
198,38.019006950101236,0.009325003374311441,-1.5772421961612497
199,38.731249072172055,-0.06808334990985328,-0.7941032331933606
200,38.14814430148879,-0.17329218447942102,-1.2785205326051632
201,38.81100605829424,-0.24015126866245518,-0.5553309058258186
202,39.31438482346349,-0.2273614325520435,-0.07128304188710602
203,38.23193554343956,-0.14917828430524105,-1.238466386188978
204,38.774098889949286,-0.06447532919747055,-0.7875667617291774
205,38.74259592061618,-0.032411019349483164,-0.857704658763424
206,39.748282126254495,-0.06808334990985204,0.17707340867107674
207,39.573568741667806,-0.13155616175562485,0.059242516254987825
208,38.877381714126635,-0.15850328767955243,-0.6165975559484468
209,39.70078495354867,-0.1093699018694654,0.15106227616630521
210,39.198670654425634,4.2912156421084433e-16,-0.46704179723441186
211,39.549630655681945,0.1093699018694668,-0.23208142116678787
212,41.26715495513526,0.15850328767955266,1.4296699182462196
213,40.9623750910683,0.1315561617556283,1.1451877549619405
214,38.65011064337887,0.06808334990985486,-1.1102631569339667
215,40.440230733741785,0.032411019349483206,0.708860137026054
216,40.463309257314364,0.06447532919746948,0.693195372876384
217,38.88051703311816,0.1491782843052394,-0.9809886352128727
218,40.64588870924283,0.22736143255204272,0.6995012129687064
219,41.27977767549833,0.24015126866245531,1.313891812506494
220,38.946728436349744,0.17329218447942207,-0.9590167239773608
221,39.02342007843475,0.06808334990985239,-0.7838444797521101
222,40.60600668106803,-0.00932500337431133,0.8694123928250173
223,39.96743947473654,-0.017172651785432917,0.23194490065329088
224,40.2617510616238,0.031186753622663037,0.47113929697011303
225,40.135349262706306,0.07818314824680286,0.2909734673551221
226,40.17305698833902,0.06630603759551958,0.3337808166547662
227,38.62889866448103,-0.01762212254961116,-1.1332366849534854
228,40.54974692277745,-0.13155616175562584,0.8947484237425576
229,40.58360573081554,-0.20896451503979038,0.9992085453474265
230,39.39611766436698,-0.20808695881446843,-0.1959739679548706
231,39.62720346305052,-0.1426584774442732,-0.03714339218094437
232,38.4347852373238,-0.07099513605843856,-1.308061551743921
233,40.20834294330926,-0.051685493087058346,0.4393400679087193
234,40.21699683617165,-0.09927010353251786,0.48872227694412224
235,39.60798735863464,-0.17329218447942155,-0.053131264829453566
236,40.59288410334875,-0.20896451503979124,0.9605618143505743
237,39.39641159160839,-0.16635093609067558,-0.2854101233443794
238,40.27641412226762,-0.061010496461372875,0.48235626976905766
239,39.037846798534616,0.04699639462413677,-0.8711234938769473
240,39.94626092614251,0.09749279121818183,-0.020121162601606197
241,39.80143468674609,0.07457512753441843,-0.14895498896377668
242,40.09285768828635,0.017622122549613747,0.19248591600075887
243,39.564673955559236,-0.009325003374311178,-0.31569564327396876
244,39.81761781604318,0.03328857557480516,-0.11232016512166766
245,40.73922961380427,0.129903810567664,0.705711743352998
246,39.75829211591878,0.2208416256910745,-0.3731380748604755
247,38.791706972461625,0.24667107552342338,-1.3725370242655486
248,41.61184492385674,0.1925666582169977,1.4947111374094006
249,41.21105036242628,0.0992701035325189,1.1802090727258276
250,38.8669853617578,0.03241101934948426,-1.1040107526082215
251,40.56813121078309,0.03328857557480565,0.5892337804321416
252,39.611106945222964,0.08816778784387033,-0.42970330806767665
253,40.32398296596288,0.1391936447081739,0.2251033942262896
254,40.34678145492258,0.1286795448408461,0.2513626705606765
255,39.81693061841464,0.043388373911755755,-0.20026015842182082
256,39.236710642329264,-0.07457512753441825,-0.6695896473756832
257,39.239509351564514,-0.15850328767955157,-0.5899456432209687
258,39.045975520531336,-0.16635093609067514,-0.7827245419797126
259,39.18003634720594,-0.11147172382161208,-0.7106454946218721
260,39.90015331048542,-0.051720662320862865,-0.05739201080184429
261,39.35973178557853,-0.045165686226090046,-0.6114907806732195
262,40.50042376194818,-0.10578991039348569,0.5826933000831059
263,41.10868544445077,-0.19256665821699656,1.270589759717472
264,39.30210961714686,-0.2401512686624553,-0.49555327874371535
265,40.04141783650121,-0.20808695881446987,0.20452895824889142
266,40.367568509753745,-0.11147172382160864,0.4268928730838092
267,40.452586860284136,-0.009984639597068828,0.40324276505388695
268,40.1678926465556,0.036482294756811924,0.06489039172468343
269,40.72041390876223,0.012201620289092906,0.6344912522412457
270,40.4495403383549,-0.043388373911754013,0.4119967489659557
271,38.96448226259757,-0.06630603759551898,-1.0573644410874192
272,40.82075141418612,-0.017172651785431765,0.7425406958002259
273,40.94882530136187,0.08816778784387232,0.7580336635448355
274,39.64743558172783,0.18965487206841267,-0.6520934710265855
275,40.3769421591441,0.22739660178584797,0.0324111950483959
276,40.89423545547153,0.1860468513560296,0.5837842092707847
277,40.058652414782884,0.10578991039348667,-0.17882177390118464
278,41.107330169162935,0.051685493087059164,0.9166706634284117
279,42.2302614161283,0.06447532919747016,2.0195124890154754
280,39.61200028491257,0.12990381056766517,-0.6714865597493515
281,39.17069794521578,0.18965487206841142,-1.1798592480367982
282,40.613451489789384,0.18566057906205413,0.2595594515422403
283,40.896417326568894,0.10439887037312626,0.6164480080987549
284,39.97348303406477,-0.012201620289091032,-0.19723463356609758
285,41.33434033309273,-0.0974927912181828,1.241555145657011
286,38.9446738494294,-0.10936990186946698,-1.1436027690000043
287,40.735991274819185,-0.06101049646137268,0.5919768584257225
288,39.68482720916151,-0.009984639597068329,-0.5176013075632367
289,41.67473775306656,-0.013978932603426905,1.4689054349701873
290,41.84295701090941,-0.08651543665590725,1.7022532515765152
291,39.393617185506876,-0.1860468513560283,-0.6549729553259042
292,39.52589383317707,-0.2466710755234224,-0.4694997305993285
293,40.75650707906178,-0.2273614325520451,0.7343663742919694
294,39.78355608807773,-0.14265847744427276,-0.3307349207328933
295,40.17389014034346,-0.05172066232086134,-0.03879588343462063
296,40.279584735699274,-0.01397893260342653,0.021689931448705506
297,38.594548794193216,-0.044779413932116,-1.6400224303947406
298,40.17061660515084,-0.10439887037312429,-0.011821915573173554
299,39.5764036094753,-0.1286795448408467,-0.5892508402690878
300,39.80237074627163,-0.07818314824680578,-0.42128655446589897
301,41.573872660476646,0.03118675362266195,1.23332915255954
302,39.38261283359453,0.13919364470817225,-1.0734637216292024
303,41.20482002713506,0.1856605790620533,0.6947405304253297
304,40.24850020783423,0.15486009773336543,-0.23832466558995052
305,40.187030156187724,0.08651543665590929,-0.23900576511314173
306,41.06748523790568,0.04516568622609142,0.6752335071694687
307,40.71617049928642,0.07099513605843787,0.29051390794169524
308,40.998913254939765,0.14917828430524288,0.4874882536610557
309,41.41782663581493,0.22084162569107518,0.8271431805522
310,40.321798764042825,0.22739660178584842,-0.2830446308238731
311,40.01687330292558,0.15486009773336823,-0.5230484023088336
312,39.510395785222144,0.04477941393211643,-0.9270699015422452
313,39.65867064890655,-0.03648229475681111,-0.7051678454111362
314,42.8804502635684,-0.046996394624140625,2.5194815019648087
315,41.47897874068845,-5.387826935611765e-16,1.06335936639647
316,39.31602487601995,0.046996394624139855,-1.1542549618714193
317,39.3376323751907,0.036482294756812285,-1.1298072827196106
318,40.80553135612985,-0.04477941393211597,0.41166963611118673
319,40.75901598920266,-0.15486009773336118,0.46754133127696146
320,40.695566140384535,-0.22739660178584734,0.4689245138920329
321,40.02309512840724,-0.22084162569107507,-0.21781479771033627
322,40.21311788411103,-0.14917828430524346,-0.10717855783369905
323,40.686327890559525,-0.07099513605843832,0.2801152750156672
324,40.513165379596025,-0.04516568622608989,0.07338043795648845
325,38.51018683125181,-0.08651543665590841,-1.8960010871322563
326,40.14928254597002,-0.15486009773336012,-0.19632328942195112
327,39.595201018394626,-0.18566057906205377,-0.7273767646650099
328,40.526514279316544,-0.13919364470817538,0.14968728199565567
329,43.04300377962689,-0.031186753622662444,2.550377760402107
330,40.923746228970174,0.07818314824679991,0.3139483261465275
331,40.400250264897956,0.1286795448408451,-0.2678558671601349
332,41.43916408627043,0.10439887037312526,0.7875169451286517
333,41.0122309603355,0.04477941393211608,0.4123717411723017
334,40.93579683695421,0.013978932603427627,0.35889671374626997
335,41.140939982921324,0.05172066232086045,0.518446893711515
336,42.47824606702606,0.14265847744427174,1.756954075497389
337,39.847721000015696,0.227361432552041,-0.9661448847272149
338,41.24569146371887,0.24667107552342393,0.40463514698710057
339,39.996893302248886,0.18604685135603502,-0.7914294302439668
340,41.17127947342709,0.08651543665590834,0.474587664794862
341,39.8472099116579,0.013978932603428307,-0.7848557346723447
342,40.279425151438055,0.009984639597069328,-0.35656639454734423
343,40.4428451149545,0.06101049646137163,-0.25210233146772043
344,41.5849101762122,0.10936990186946724,0.8336634298983515
345,41.531976854907924,0.09749279121818098,0.784657473850822
346,39.60574182648186,0.012201620289095046,-1.0642459799517061
347,40.60828828044059,-0.10439887037312484,0.046931517452687685
348,39.88186340751241,-0.18566057906205208,-0.6062109449141371
349,39.416898533906206,-0.18965487206841317,-1.075170674552561
350,40.37441644270124,-0.12990381056767017,-0.18540282720785614
351,40.36971241972275,-0.06447532919747218,-0.2635441824171494
352,42.72726674570483,-0.0516854930870569,2.073201605682914
353,40.97787715071632,-0.10578991039348595,0.3698878753181985
354,39.358839345074585,-0.18604685135603138,-1.1769313929546164
355,40.01996937906546,-0.2273966017858487,-0.48249986303857495
356,41.42086111673441,-0.18965487206841047,0.8725920394972893
357,42.44203044533139,-0.0881677878438737,1.7842063275430862
358,39.41629910366081,0.017172651785432334,-1.354943260994469
359,39.22239929862729,0.06630603759551862,-1.6060641099867659
360,42.4120532980075,0.043388373911756505,1.5984100440175224
361,41.09901727716797,-0.012201620289089918,0.3328566574081354
362,40.008194025870864,-0.03648229475681183,-0.741803130302951
363,41.26133749497332,0.009984639597067704,0.4567463426529035
364,38.662433173294005,0.1114717238216052,-2.251781975954673
365,41.02186092341746,0.2080869588144713,0.0028837755611765535
366,41.3392634963285,0.2401512686624549,0.2800654240984835
367,41.80940588812632,0.19256665821699484,0.7896259609050047
368,40.07498407155171,0.10578991039348648,-0.8661954241938613
369,40.9619460186086,0.045165686226090795,0.07320457977164835
370,40.11288016690534,0.05172066232086152,-0.7906122661961726
371,41.1896297796107,0.11147172382160897,0.21818041592764
372,40.26962863990836,0.16635093609067172,-0.764915656035568
373,40.686271966216985,0.1585032876795531,-0.34865025221864654
374,40.10848070617073,0.07457512753441972,-0.850748773933584
375,41.405792427887484,-0.043388373911752785,0.556281176504496
376,41.50587040846034,-0.12867954484084623,0.7333952043706042
377,40.56978414618304,-0.1391936447081745,-0.2004419325862253
378,40.8621943895496,-0.08816778784386851,0.03266762845815955
379,39.655124554268674,-0.033288575574805634,-1.2375660954607044
380,40.64584184602787,-0.03241101934948422,-0.2560208872067157
381,40.80041702895348,-0.09927010353251509,-0.04289099828896175
382,42.99733156619266,-0.1925666582169968,2.2390058645327904
383,39.76256548980214,-0.24667107552342266,-0.9499798745642226
384,41.99759018078521,-0.22084162569107701,1.250881435662576
385,41.697630499230414,-0.12990381056766515,0.8516401571494301
386,41.19071356418122,-0.033288575574807966,0.239754354361439
387,42.504367575025526,0.009325003374311594,1.502431302599677
388,41.30126103561169,-0.01762212254961216,0.31789855454177957
389,41.267260617283114,-0.07457512753441745,0.3324679557190539
390,40.87488579709896,-0.09749279121818265,-0.04538223717132623
391,42.0244913129407,-0.04699639462413697,1.0453239947753685
392,42.03232668978928,0.06101049646136757,0.9367397423264442
393,40.674818989849335,0.16635093609067358,-0.5345309863658236
394,40.13333174293631,0.20896451503979158,-1.1270642522619836
395,41.05975476983504,0.1732921844794219,-0.17341118574792597
396,40.484104044665074,0.09927010353251575,-0.6834919718270264
397,41.07420284399862,0.05168549308705907,-0.054270554815082174
398,42.213427712283085,0.07099513605843803,1.0571728268199314
399,40.845716242095214,0.1426584774442695,-0.39068367934283577
400,41.27373491524184,0.2080869588144678,-0.03658503306648232
401,41.36926910316975,0.20896451503979377,0.049570202224995835
402,41.975636474763455,0.13155616175562887,0.7248346797807681
403,39.22581786118082,0.017622122549621227,-1.9195709928289673
404,40.55167315283776,-0.06630603759551762,-0.5183184901710104
405,41.2471600154084,-0.07818314824680328,0.1805046829957742
406,42.14745837037357,-0.031186753622663068,1.0252559923706703
407,40.758878326116395,0.01717265178543296,-0.42024395917175805
408,39.57666138531533,0.009325003374312107,-1.6031836043498553
409,41.64045106614913,-0.06808334990985374,0.529434226068938
410,40.47159286136128,-0.17329218447941896,-0.5428051987595371
411,39.93977836232481,-0.24015126866245523,-1.0163605191341623
412,40.444145359586535,-0.22736143255204644,-0.5333931144150482
413,40.90669682822297,-0.14917828430524313,-0.15764440136862845
414,40.641025894193746,-0.06447532919747409,-0.5166477487598379
415,39.314109727318154,-0.03241101934948332,-1.884267534648655
416,41.9377390772257,-0.06808334990985651,0.7663849857430212
417,42.20569635706041,-0.13155616175562823,1.089156066436263
418,41.65487275808815,-0.15850328767955185,0.5566107314896577
419,40.18412220089596,-0.10936990186946802,-0.9719519243218845
420,41.101993581548804,8.582431284216887e-16,-0.1721390092587972
421,41.38662959261998,0.1093699018694652,-0.005571314688366065
422,41.961606846000784,0.15850328767955227,0.5115642873400399
423,42.00279272296245,0.13155616175562831,0.5709791737723179
424,40.749846568524944,0.06808334990985479,-0.6272221361837251
425,41.42018494625992,0.03241101934948365,0.07005075383629027
426,41.78161169601756,0.06447532919746837,0.3906655245596196
427,42.728150278375466,0.1491782843052403,1.2437436317123878
428,42.173233857240454,0.22736143255204141,0.6018766913222214
429,42.267034117067546,0.2401512686624543,0.6741098931195241
430,41.606467294373566,0.17329218447942213,0.07161508177819775
431,42.64342909260433,0.06808334990985193,1.2049887908371444
432,41.71990882457182,-0.009325003374310636,0.3500701014363955
433,40.63515982050823,-0.017172651785432244,-0.7356478797794793
434,42.62692592214546,0.031186753622663217,1.1989323399752396
435,42.08006166722304,0.07818314824680249,0.5962353630432541
436,41.102292328243195,0.06630603759552134,-0.3785030435817475
437,40.99608099568918,-0.017622122549612526,-0.40964224519808035
438,41.554026623078535,-0.13155616175562712,0.25337154127883044
439,41.62783224545526,-0.20896451503978972,0.3957097859102532
440,41.410437072181324,-0.20808695881447017,0.16855147447051172
441,41.58216791509838,-0.1426584774442778,0.26595840316589514
442,42.849092150025825,-0.07099513605843623,1.452314012945003
443,42.34044771277765,-0.051685493087058526,0.9154447980519426
444,41.54920780911734,-0.09927010353251853,0.16286451925257445
445,42.12544006051123,-0.17329218447941974,0.8041840150978392
446,40.412418676321636,-0.20896451503979158,-0.8821097259379218
447,41.68605506167003,-0.166350936090678,0.3399585421438169
448,43.00613479130795,-0.061010496461371445,1.545733442923868
449,41.39110068567747,0.046996394624139765,-0.18628179393168456
450,40.912709143874594,0.09749279121818141,-0.7241538233791814
451,41.06584420023646,0.07457512753442117,-0.5570950452951394
452,40.64409061631223,0.017622122549617043,-0.9308994171071634
453,40.886615790208026,-0.00932500337431004,-0.6704407610710442
454,41.29215974499184,0.033288575574801874,-0.3165338799309587
455,40.51353287429016,0.1299038105676674,-1.2008093312311232
456,41.82766633128472,0.22084162569107485,0.013343114123385348
457,42.62004256165539,0.2466710755234232,0.7708368472340684
458,41.02864650278593,0.19256665821699978,-0.7755176926676326
459,43.01790077711189,0.09927010353251803,1.2979603870931458
460,42.09854573472013,0.03241101934948308,0.43638182872375264
461,42.552583416531,0.033288575574805884,0.88044950323761
462,41.1741117237776,0.08816778784387037,-0.562003703767548
463,42.52629466083272,0.139193644708172,0.7300412235295701
464,40.86199624210887,0.1286795448408458,-0.9328650991316686
465,42.479261636574094,0.043388373911761584,0.7605596115469176
466,41.75668666382176,-0.07457512753441606,0.1468064346140169
467,42.00775930007751,-0.15850328767955024,0.47265567447715917
468,40.53207895543649,-0.16635093609067275,-1.0043384292014874
469,40.83578840274423,-0.11147172382160977,-0.7646794525225785
470,42.17962629598331,-0.05172066232086284,0.5102262699449798
471,40.874949708996205,-0.04516568622609107,-0.8101962533186743
472,42.02945070040495,-0.10578991039348369,0.3957281511646672
473,40.38817812252606,-0.1925666582169972,-1.1679783408945101
474,42.24240776677982,-0.24015126866245523,0.724615400889895
475,40.506113060280406,-0.20808695881446906,-1.0529739792833281
476,42.1367854606741,-0.11147172382161451,0.4718429713806826
477,42.31017102433503,-0.009984639597070369,0.5344913851692155
478,41.23613775518887,0.036482294756812805,-0.5952687348896677
479,42.313634720911466,0.012201620289094599,0.4972391378307729
480,41.992587226581456,-0.043388373911751904,0.22250201932074448
481,41.296111600558106,-0.06630603759551898,-0.46034541231071824
482,40.95325746714949,-0.017172651785431564,-0.8616322517323128
483,40.25282152669053,0.08816778784386993,-1.676717802934474
484,42.33905978654856,0.18965487206841292,0.2987143506740982
485,40.75056781731251,0.22739660178584775,-1.3368482212153132
486,42.136859828973,0.18604685135602925,0.08145481702806864
487,41.75942656949977,0.10578991039348848,-0.22507007624056313
488,42.51995847831671,0.05168549308705914,0.5802078242138512
489,41.70386411342924,0.0644753291974671,-0.25804465336397936
490,41.75526029695583,0.12990381056766312,-0.2814550786985598
491,42.73110896334641,0.18965487206841058,0.6252545477892881
492,42.39750599435356,0.18566057906205485,0.2862480424898057
493,42.30950347634026,0.10439887037312331,0.27009955294144283
494,42.33312742581728,-0.0122016202890914,0.4009064619456603
495,40.54448139164596,-0.0974927912181827,-1.3118757833425831
496,42.50045986431432,-0.10936990186946596,0.646542567020031
497,42.43497044283388,-0.06101049646136989,0.5232466562634482
498,41.10363000303679,-0.009984639597068592,-0.8685765751769859
499,41.76915531759359,-0.013978932603426947,-0.2085237533038916
500,41.881038052832395,-0.08651543665590519,-0.03358115061367003
501,41.70967047478397,-0.18604685135602628,-0.11490380147405449
502,42.05867089970452,-0.24667107552342343,0.2852245091908024
503,43.02511290484611,-0.2273614325520465,1.222850682026921
504,42.82066025985446,-0.142658477444275,0.9241790416823894
505,40.87588486072458,-0.051720662320866334,-1.1210600637270236
506,42.575671582824846,-0.013978932603427502,0.5314491865886749
507,43.15830684703331,-0.044779413932115986,1.1353393391476927
508,42.303363213515475,-0.10439887037312673,0.33045971818172515
509,42.89023863825127,-0.12867954484084754,0.9320505225850807
510,43.73739015490787,-0.07818314824680277,1.719130496936469
511,43.01179396723634,0.0311867536226585,0.8745794107733005
512,42.46780655731602,0.13919364470817067,0.21299026223428053
513,43.203731865251385,0.18566057906205402,0.8928439373715615
514,42.41348311739728,0.15486009773336717,0.12378112149093617
515,42.251402673428,0.08651543665591056,0.02042093833289349
516,41.89904469705093,0.04516568622609152,-0.3002215387915781
517,43.57040100081151,0.07099513605843641,1.3356612130484138
518,41.62337381608525,0.14917828430523494,-0.6992030729239016
519,43.71304222377852,0.22084162569107713,1.309138189473283
520,42.847178473741934,0.22739660178584958,0.4270458085206526
521,41.16181912391436,0.1548600977333645,-1.195460542986703
522,42.57098387406397,0.044779413932119455,0.3140915343208649
523,40.391231250960686,-0.03648229475681068,-1.7941025876477796
524,42.71891917161747,-0.04699639462413921,0.5343863744110222
525,42.99752640941735,-1.3716663131086945e-15,0.7562743082104457
526,41.791917475984306,0.04699639462413772,-0.5060637801340664
527,42.402759502276155,0.03648229475681398,0.10554973482677694
528,43.895183689671846,-0.044779413932112946,1.6694831688020488
529,41.69331071313103,-0.15486009773335976,-0.4320714369578807
530,41.157967875742635,-0.22739660178584728,-0.9046499342251502
531,43.34477508207546,-0.2208416256910796,1.2658202811705381
532,43.837094918537574,-0.14917828430524002,1.6766849104934258
533,42.251552173304255,-0.07099513605843981,0.0031573003489058175
534,43.148152815803954,-0.0451656862260911,0.8641169254408513
535,43.398562335610336,-0.08651543665591122,1.146054777190644
536,41.55967222935878,-0.15486009773336418,-0.6343219373808843
537,41.75842648917596,-0.18566057906205263,-0.41460831654344976
538,43.28091808014614,-0.13919364470817602,1.0515653688534066
539,43.78676819528183,-0.031186753622665896,1.4395477707731381
540,42.947343504519765,0.07818314824679937,0.4808825051001432
541,41.77519159430483,0.12867954484084637,-0.751646325661309
542,44.2100411837407,0.10439887037312917,1.6975935633787924
543,42.009107324314,0.04477941393211869,-0.4536210653813999
544,42.155521808457536,0.013978932603425948,-0.286316176594654
545,42.78196699573989,0.05172066232086306,0.2924673533737393
546,43.918123443961434,0.1426584774442755,1.3277562079643503
547,43.41458180627641,0.22736143255204305,0.7295719857530244
548,43.06869840698258,0.24667107552342307,0.3544294631582665
549,43.05940245995751,0.18604685135603158,0.3957984090600428
550,42.611217434623,0.08651543665591095,0.037175616274091945
551,42.98831620810818,0.013978932603428237,0.47683186074918077
552,40.356415606760535,0.009984639597067316,-2.161063331565684
553,42.32510472396775,0.06101049646136695,-0.25339880610737325
554,42.84303858931955,0.1093699018694651,0.20616706804073806
555,41.651674142647956,0.0974927912181828,-0.9833387046861826
556,42.889795161847076,0.012201620289096198,0.3300451978244149
557,42.27850298513124,-0.10439887037312875,-0.17468462675784355
558,43.8817185298742,-0.1856605790620518,1.4997446372344023
559,43.731905600288826,-0.18965487206841147,1.3438681603047387
560,42.059907417409285,-0.12990381056766706,-0.3979487753372104
561,42.40449797212356,-0.06447532919746957,-0.12886424416580303
562,42.49306428158677,-0.05168549308705776,-0.06317516389668346
563,42.12636884046686,-0.10578991039348412,-0.38586343170485604
564,42.608696907992105,-0.18604685135602472,0.16661448187723235
565,41.763031216828644,-0.22739660178584784,-0.6478184046731195
566,41.492806579376285,-0.1896548720684127,-0.9659115685706275
567,43.10233888750801,-0.08816778784387522,0.5319970076978299
568,43.22365091306183,0.01717265178543173,0.5378220950725952
569,42.05797247180153,0.06630603759551781,-0.6871460814585427
570,43.497290527506,0.04338837391175414,0.7649234375579383
571,42.14738127302382,-0.012201620289087185,-0.5395718740061749
572,42.88914345830688,-0.03648229475681186,0.216285083550839
573,43.43036046134935,0.00998463959706529,0.700839399134635
574,42.812497737065364,0.11147172382160214,-0.028716013389681414
575,43.33654041612031,0.2080869588144622,0.38849597574558975
576,42.54913592972221,0.24015126866245562,-0.44119812633832556
577,42.785138527835606,0.19256665821699154,-0.1678460745282845
578,42.700582254715776,0.1057899103934832,-0.1758706074844399
579,42.1882638602661,0.04516568622609102,-0.6378196363375831
580,42.69188081064369,0.05172066232086081,-0.15102237153661105
581,41.58990736260788,0.11147172382161195,-1.3230214414660424
582,42.558488101001515,0.166350936090675,-0.41960432664535363
583,42.73716313264675,0.15850328767955285,-0.24337590880388577
584,42.688054539489386,0.07457512753442808,-0.2188604549420168
585,42.592948445799436,-0.043388373911754645,-0.20631701122268395
586,42.67153147624393,-0.12867954484084443,-0.05276662479702116
587,43.133715957858826,-0.13919364470817658,0.40959829082627996
588,43.5326077745845,-0.0881677878438696,0.7471207339177086
589,42.295609734810824,-0.03328857557480751,-0.5551098858059793
590,41.834037290535925,-0.032411019349484343,-1.0279231048981547
591,41.91523105780667,-0.0992701035325185,-0.8902433229473311
592,42.30633170440211,-0.19256665821699495,-0.41622904208139655
593,42.378194349410826,-0.24667107552342232,-0.30065475109124506
594,42.05725522141692,-0.22084162569107454,-0.657825951153489
595,41.709128170738786,-0.12990381056766795,-1.1073032901020419
596,42.53379414966037,-0.033288575574810186,-0.3896748702313242
597,43.13151185000326,0.009325003374312274,0.15499707619341346
598,43.468357497230365,-0.0176221225496146,0.5083478234644069
599,42.4372887748444,-0.07457512753441471,-0.4762197707278028
600,42.54821874835079,-0.09749279121818137,-0.3528338612396941
601,42.170320181105545,-0.046996394624139605,-0.7917004036920428
602,43.05364967447967,0.06101049646136615,-0.026859230927499752
603,42.47150786622302,0.16635093609067647,-0.7248327592485448
604,43.739092056561695,0.20896451503978988,0.48963672079492065
605,41.69858577249656,0.17329218447942424,-1.5257082149669567
606,42.853552557910355,0.09927010353252241,-0.3072401817743728
607,43.38098197402865,0.05168549308705814,0.2572431607102645
608,43.31064319046808,0.07099513605843685,0.15705419918818328
609,45.536525422573575,0.14265847744426774,2.3007227040066995
610,43.61063391657028,0.2080869588144696,0.2988424798210449
611,42.46545136050922,0.2089645150397924,-0.8577877201884975
612,43.174853289459236,0.13155616175563015,-0.08155737658848904
613,41.63557693158241,0.017622122549624378,-1.5174894848044933
614,43.01087961407619,-0.06630603759552,-0.06885828262176849
615,42.366770676444524,-0.07818314824680331,-0.7116996009693495
616,43.91812569624702,-0.031186753622658245,0.7820396819307883
617,42.72558928733495,0.01717265178543477,-0.46948532557860356
618,43.09811010984899,0.009325003374313676,-0.09975589875366815
619,42.58813437178396,-0.06808334990985604,-0.5429721785457747
620,44.52209852437929,-0.1732921844794215,1.4855420626968718
621,42.70592063954505,-0.24015126866245434,-0.2744453347875959
622,44.569431321719065,-0.22736143255204788,1.5655970635317413
623,43.78825491736473,-0.14917828430523972,0.6955492122753215
624,43.59994787928335,-0.06447532919747163,0.41184106951986554
625,43.5458966169363,-0.03241101934948244,0.31501749684752867
626,43.54235503794468,-0.06808334990984521,0.33643039702796246
627,41.50632300354049,-0.13155616175562562,-1.6468565278297687
628,42.89871324271768,-0.15850328767955132,-0.23825671593897368
629,43.91888930264832,-0.10936990186946503,0.7220385540602328
630,43.27520387879074,-4.889921467677177e-16,-0.04177402669915921
631,42.23662780940141,0.10936990186946464,-1.2004871039013103
632,43.45225488757291,0.1585032876795522,-0.044770368394271266
633,44.93672280683989,0.13155616175562754,1.4558578690312505
634,44.49343803040189,0.06808334990985726,1.0652492457626286
635,43.3503514639053,0.03241101934948348,-0.05297149976098717
636,44.25904937846683,0.06447532919747083,0.8128457444541449
637,43.22861713687632,0.14917828430523777,-0.31311566365355675
638,42.17509399354008,0.22736143255204017,-1.455658017557015
639,42.86459448142443,0.24015126866245837,-0.7897932790145238
640,44.93359748345743,0.17329218447942474,1.3352130430590572
641,43.26996241505935,0.0680833499098468,-0.2340788058229082
642,43.22957961190228,-0.009325003374310345,-0.207928721660294
643,43.18438710029289,-0.017172651785432383,-0.2561589017340374
644,45.12654974726314,0.031186753622660268,1.6267491720416276
645,44.946797357973594,0.078183148246806,1.3890953694304427
646,45.45229646725936,0.06630603759551977,1.8955567197589909
647,43.3478602022675,-0.017622122549609376,-0.13587610560726004
648,43.63329587128328,-0.13155616175561896,0.25255903118400097
649,42.018569110876804,-0.20896451503979105,-1.295703798279845
650,44.58788494285108,-0.20808695881447087,1.2617802042165738
651,42.40483550175902,-0.14265847744428017,-0.9976618424092419
652,43.67033118003844,-0.07099513605844475,0.18519651940977172
653,42.577976484529955,-0.0516854930870605,-0.937451645055673
654,42.975754261710726,-0.09927010353252146,-0.5030829343260335
655,42.700525436543444,-0.17329218447942252,-0.7152932063540072
656,42.871837399564654,-0.20896451503979344,-0.5193222914910334
657,42.98421115308997,-0.16635093609066987,-0.4605853465444471
658,43.09277094954615,-0.061010496461367185,-0.46839907025820726
659,44.39215682125687,0.046996394624135046,0.7119369789153716
660,42.79785846169012,0.09749279121818057,-0.9439105596080678
661,43.918327776831944,0.07457512753441878,0.18841378594386357
662,44.724564939018904,0.01762212254961265,1.0405314689309602
663,43.22973282038354,-0.009325003374312371,-0.4384358588761478
664,43.10853926253161,0.03328857557480959,-0.6133351816838911
665,43.632649046571416,0.12990381056766456,-0.19694266955464193
666,44.93950872042957,0.22084162569107307,1.0078673013514088
667,44.13442337297949,0.24667107552342482,0.16583076532925878
668,43.47179077494223,0.1925666582169961,-0.45382900505229506
669,44.256851996382004,0.09927010353252036,0.41338733051021964
670,42.8460424751957,0.03241101934948551,-0.9417143979657955
671,44.381897205416664,0.03328857557480047,0.5821016336460966
672,44.21492871767276,0.08816778784386929,0.34908294033836357
673,43.66508438130759,0.13919364470816992,-0.2629680970968918
674,43.21230528306032,0.12867954484084884,-0.7164237905936193
675,43.09712585008283,0.043388373911757594,-0.7575125986698116
676,44.204792513541,-0.0745751275344149,0.4569071692957249
677,44.72512470244892,-0.1585032876795505,1.049947270498964
678,43.13409271776326,-0.16635093609067836,-0.54446716453639
679,44.136289706291066,-0.11147172382160254,0.3916106620505008
680,42.032683091321104,-0.05172066232086103,-1.7829968150030397
681,43.3340417034198,-0.045165686226089505,-0.49945283049296246
682,43.75760542716498,-0.10578991039348142,-0.02653438498525268
683,42.931478240713965,-0.1925666582170003,-0.777164176928631
684,42.87226734374519,-0.2401512686624564,-0.8000796676788349
685,43.14521042039798,-0.2080869588144721,-0.5704999560119189
686,44.073261714095224,-0.11147172382160334,0.24962719664354585
687,43.77640072321255,-0.00998463959706579,-0.16003963542356836
688,42.082061729329666,0.03648229475681081,-1.9121741715312526
689,42.169529110963964,0.012201620289095248,-1.8117645742111694
690,43.41859264694963,-0.04338837391175513,-0.5184593537175994
691,44.31650503260946,-0.0663060375955198,0.3910125350220462
692,41.63873516748792,-0.01717265178543767,-2.347258727424539
693,43.67578082305764,0.08816778784386102,-0.4269313739100925
694,43.766000935647654,0.18965487206841067,-0.44958605888160896
695,45.45081626942467,0.22739660178584867,1.1860899809299696
696,43.905850663011584,0.18604685135603588,-0.32893329021229545
697,44.493140876117465,0.10578991039348537,0.32719659778612814
698,44.24394631211493,0.05168549308705955,0.12067933410899806
699,42.327300169856194,0.06447532919746551,-1.8201936121521716
700,44.88066677660925,0.12990381056765704,0.6562976944276442
701,44.47959517049875,0.18965487206841014,0.18401835710233944
702,44.737275027371886,0.1856605790620547,0.4342259863567741
703,47.587541949004425,0.10439887037313865,3.354278245142155
704,42.34764218772389,-0.012201620289075833,-1.7805072479232362
705,45.52780370215299,-0.09749279121818429,1.4734493640768727
706,43.80840989988493,-0.10936990186946666,-0.2455732518090029
707,44.35933024847805,-0.06101049646136889,0.24547191619590594
708,44.137527621719,-0.00998463959706522,-0.038882193518561384
709,43.821515810558125,-0.013978932603428279,-0.3624351886751992
710,43.63613800091455,-0.0865154366559077,-0.48682182217943015
711,44.31649073628976,-0.18604685135602392,0.2815071490717364
712,42.689766822777926,-0.2466710755234243,-1.2961575700078531
713,44.65804654925168,-0.22736143255204444,0.6412376328483506
714,43.75753182517213,-0.14265847744427754,-0.35556477789614266
715,43.250183889368905,-0.05172066232085912,-0.9654451112909761
716,43.880518477108346,-0.013978932603427918,-0.3844566866481657
717,45.31980143980568,-0.04477941393211338,1.0740124730876406
718,43.74044414947189,-0.10439887037312087,-0.4573494960063546
719,44.49138240778891,-0.12867954484084754,0.3062354506661656
720,43.62281386102715,-0.07818314824680545,-0.6244733297128772
721,45.015821441589324,0.031186753622657135,0.6475106610455867
722,45.073626774249504,0.13919364470816264,0.5856455637750018
723,46.12543202389579,0.18566057906205347,1.5793104893111323
724,44.37701584007748,0.15486009773336967,-0.14998845384576864
725,45.041600425864196,0.08651543665591802,0.571247701440105
726,44.52448734772264,0.04516568622609099,0.08378143123908549
727,45.58534224097142,0.07099513605843515,1.1070940812552152
728,43.954038348497484,0.1491782843052327,-0.6141156037768444
729,45.28802554515242,0.22084162569106974,0.636475756269933
730,44.50351258080909,0.22739660178584606,-0.1663345303015154
731,44.554225317895906,0.1548600977333608,-0.0548374862065569
732,44.58913049774916,0.044779413932117346,0.07838632949258292
733,44.656749327802025,-0.036482294756809,0.21549496936801377
734,44.34322477268292,-0.04699639462413781,-0.09929723566114304
735,44.68474458227965,3.4797919534245893e-15,0.1834345786230605
736,45.908331636756095,0.04699639462413975,1.3482237868759759
737,45.40329815459457,0.036482294756809246,0.8418931020713809
738,45.23450393558325,-0.04477941393211508,0.7425394383275644
739,44.00453656720887,-0.15486009773336207,-0.38917825057799216
740,43.57331958178044,-0.22739660178584614,-0.7596995871973786
741,45.16756083678291,-0.2208416256910754,0.8161359855558752
742,45.18337635840209,-0.14917828430524202,0.7484276087237731
743,45.783139886780226,-0.07099513605844107,1.258137580878644
744,44.04671700218118,-0.0451656862260891,-0.5159950124402338
745,44.337143498662776,-0.08651543665590991,-0.196108875327295
746,43.07615736388689,-0.15486009773336168,-1.4006503097352272
747,44.12261960438338,-0.18566057906205194,-0.3352973995305434
748,45.36769748810956,-0.13919364470817305,0.851393887310236
749,44.2377019088083,-0.03118675362266726,-0.3985380965190575
750,45.30472639227674,0.07818314824679884,0.5471771207263929
751,44.65724354947087,0.12867954484084473,-0.162751333938072
752,45.084522900947405,0.10439887037312867,0.2768496258306275
753,43.77952268741202,0.04477941393212127,-0.9805000483503173
754,44.813997481677426,0.013978932603426641,0.07279645924621138
755,42.235532776874535,0.0517206623208529,-2.5553985941826887
756,44.734197823377606,0.14265847744427929,-0.15966983262264176
757,43.59762686433782,0.22736143255204513,-1.392952067500794
758,46.05221654251472,0.24667107552342393,1.0303097960631127
759,45.637468134357405,0.18604685135602236,0.6641575895205778
760,45.28450512171451,0.0865154366559063,0.3986881181141594
761,46.124760015870024,0.013978932603428335,1.2994317919475145
762,44.02270955563092,0.009984639597067038,-0.8106819505708787
763,46.38929872447661,0.06101049646137152,1.492813935213842
764,45.753314894208806,0.1093699018694686,0.7963934224302811
765,44.755036681592344,0.09749279121818459,-0.2020948075535815
766,45.85412459584127,0.012201620289099435,0.9701872986947374
767,43.834310779152084,-0.10439887037312559,-0.9451328571729275
768,44.00589655186174,-0.18566057906205197,-0.7044020565260576
769,44.19849817319368,-0.18965487206841553,-0.5199326738504791
770,44.33840005514031,-0.12990381056766392,-0.45191823597832365
771,43.96525068504641,-0.06447532919747116,-0.9026423209271541
772,45.9377478776709,-0.05168549308705736,1.044908951191166
773,44.62975497425129,-0.10578991039347746,-0.22114547022878395
774,45.08397266736336,-0.18604685135602764,0.30115337762807465
775,44.26639044019265,-0.22739660178584692,-0.4872647362415973
776,43.24820769752552,-0.18965487206841988,-1.5553846966659535
777,45.14800124105861,-0.08816778784388586,0.23071642369180526
778,43.40115554471854,0.017172651785431113,-1.6336849021393876
779,45.03756317563702,0.06630603759552116,-0.05863569780382194
780,43.91653202293396,0.04338837391176287,-1.1689840785069574
781,46.73994799674212,-0.012201620289097728,1.6977771469072258
782,45.80874361616464,-0.0364822947568119,0.7785988472916161
783,45.17922412652994,0.009984639597066428,0.0903479788861795
784,46.282252194985944,0.11147172382160479,1.0796146677897702
785,44.588509042062135,0.20808695881447298,-0.7230278663657812
786,45.82020257347699,0.24015126866245445,0.46430735805120366
787,45.49131725839518,0.19256665821699845,0.17070280535393975
788,45.4717100385144,0.1057899103934904,0.2255586343247691
789,46.28485258375172,0.04516568622609063,1.087001853846574
790,45.842524530092334,0.05172066232086263,0.6257854232984831
791,45.53549691148506,0.111471723821605,0.24666349148553268
792,43.94225604210922,0.16635093609067655,-1.4138096927753274
793,44.54039065842817,0.15850328767955327,-0.8201903815722144
794,45.184192524097654,0.07457512753442411,-0.10483316019557103
795,45.26321507809262,-0.04338837391174412,0.07977023989658467
796,44.14498625339327,-0.12867954484084604,-0.9655599201336479
797,47.17278716850318,-0.1391936447081751,2.060352737672594
798,46.47136399958007,-0.08816778784387809,1.2954915038031811
799,45.75757776753623,-0.03328857557481009,0.5144040004972621
800,45.3180260369207,-0.03241101934948301,0.06154280375237561
801,45.0207707401277,-0.0992701035325117,-0.181295169672632
802,44.30797438822353,-0.1925666582169875,-0.8132465786183771
803,45.145771461760184,-0.24667107552342277,0.06619344958765787
804,45.33808290038563,-0.22084162569107918,0.22020412483269997
805,44.160432164347284,-0.12990381056767647,-1.0608655907881324
806,45.6158988660277,-0.03328857557481596,0.2854948605293482
807,45.25287695299639,0.009325003374311344,-0.1326414977321914
808,43.741196674430896,-0.017622122549618993,-1.6298853675658609
809,44.59160222900407,-0.07457512753442128,-0.7350473761109972
810,44.96290931700837,-0.09749279121818348,-0.353353043437065
811,46.991995485016496,-0.04699639462413871,1.6126964580518692
812,45.975332608944456,0.06101049646136847,0.47547657005818955
813,44.47682278578371,0.1663509360906705,-1.1409336644790133
814,46.0881722126796,0.20896451503979252,0.4152323608095925
815,44.32794859963852,0.17329218447942038,-1.3218985952402895
816,46.51338335396134,0.0992701035325195,0.92496871554925
817,45.150936409173525,0.05168549308705997,-0.4024929941843068
818,45.50535264976554,0.07099513605843893,-0.07999562286586663
819,46.80229029689901,0.14265847744427101,1.1326596056685518
820,44.64803365316966,0.20808695881446534,-1.0996544475552146
821,44.56761314462408,0.20896451503979652,-1.1935912913613593
822,45.19786192917697,0.13155616175562804,-0.4985827834705421
823,46.4822809011194,0.017622122549618514,0.8871117468206419
824,44.22589584103797,-0.06630603759551279,-1.2980134848839244
825,43.105132517062366,-0.07818314824680403,-2.419577880887511
826,45.198959084109326,-0.03118675362266896,-0.3854357420549662
827,46.11681740276141,0.01717265178543108,0.47136528668772903
828,46.67572436011909,0.009325003374316493,1.025412157044217
829,45.18993166972859,-0.06808334990985093,-0.39568976638543146
830,45.141648503903156,-0.17329218447941375,-0.35149153487562435
831,46.424823081715196,-0.24015126866245223,0.9858048389741277
832,43.86719041825693,-0.2273614325520389,-1.5973647996508982
833,45.22357281820591,-0.1491782843052359,-0.33192253791607473
834,45.81564880987134,-0.06447532919746984,0.1626836577632272
835,46.08158439051571,-0.0324110193494839,0.3837782367702407
836,45.239380383832234,-0.06808334990985666,-0.4355399820532417
837,45.653667723016554,-0.1315561617556299,0.029423775365462184
838,43.48426583162092,-0.15850328767955332,-2.1258372346286527
839,45.10969527458234,-0.10936990186947124,-0.5623572729107245
840,46.18169167404188,1.7164862568433773e-15,0.3874432783349223
841,45.07725694076448,0.10936990186946556,-0.8391971540673778
842,46.02882475205633,0.15850328767955274,0.05039162324794898
843,46.346115306777016,0.1315561617556233,0.38177380481511325
844,45.6210861114159,0.06808334990985321,-0.2926479286886919
845,46.03656816392113,0.03241101934948418,0.14563125347743505
846,45.113400946180526,0.06447532919746424,-0.8224853259216297
847,45.856971200123496,0.1491782843052416,-0.17651292980792666
848,46.645894217457226,0.2273614325520421,0.5213221856465046
849,46.2843822061009,0.240151268662458,0.13410573363625417
850,45.59525423144799,0.17329218447943245,-0.5010876122881592
851,46.19562072196078,0.06808334990985473,0.19155340642867974
852,46.55011125828758,-0.009325003374310983,0.6105081387631136
853,44.193395893962105,-0.01717265178543606,-1.7513135853387842
854,46.99625728222931,0.03118675362266092,0.9902245384217679
855,45.778732428482996,0.07818314824679816,-0.28727041995825003
856,46.430615467543646,0.06630603759552281,0.3635061688330912
857,47.01901106981184,-0.01762212254960109,1.0228365194148201
858,44.72339031368297,-0.13155616175563478,-1.1718534602506179
859,45.2247562142294,-0.20896451503979097,-0.6060923200736302
860,45.59823504203325,-0.20808695881446798,-0.2465140130597217
861,45.253631079865784,-0.14265847744427626,-0.669579272073008
862,47.49011393615727,-0.07099513605843531,1.482197576446001
863,45.30831774474324,-0.05168549308705889,-0.7319607752370585
864,45.531139452191454,-0.09927010353251481,-0.4746168255520529
865,46.11942082632948,-0.17329218447942635,0.1746144104132213
866,44.89519122612293,-0.20896451503979224,-1.0270249292636329
867,45.63988221327144,-0.16635093609067586,-0.3380394420059354
868,46.367571737417656,-0.06101049646138012,0.27120787065829177
869,45.93311182116457,0.046996394624140125,-0.2843705594440133
870,46.201317636422615,0.09749279121818272,-0.07978261445473604
871,45.81909289970711,0.07457512753442455,-0.45222101207221077
872,44.93365408050799,0.017622122549618514,-1.2938480017832672
873,46.48845071124941,-0.009325003374310761,0.27474472847435205
874,47.76876149741008,0.033288575574803816,1.4992810583671432
875,46.39498735306557,0.12990381056765604,0.015720950800008755
876,46.67583328905377,0.22084162569107618,0.1924484925240124
877,47.114214200221966,0.24667107552342435,0.5918095238080818
878,45.39708131005715,0.19256665821700372,-1.0844192300131001
879,47.85591287836061,0.09927010353252785,1.4544987611010254
880,46.5206293183643,0.03241101934948322,0.17285430250294165
881,47.756016562974935,0.03328857557480355,1.3941341571924266
882,45.80375378182522,0.08816778784386252,-0.6262475208331809
883,48.04749023205081,0.13919364470816625,1.5532135370102638
884,47.15925575465687,0.12867954484084682,0.6622337730547846
885,46.89747534557956,0.04338837391175574,0.47247529756670364
886,46.520248291666434,-0.07457512753441678,0.1999326568488697
887,46.03735250498492,-0.15850328767955651,-0.21232390884937577
888,47.28077030199153,-0.16635093609067148,1.0256427464954478
889,46.44322818355391,-0.1114717238216095,0.11991277480486992
890,44.71587053414554,-0.051720662320865265,-1.6805144279991688
891,45.461829318236795,-0.04516568622609121,-0.9544389628086084
892,46.21020980477224,-0.1057899103934849,-0.15877244582270217
893,46.56039305101472,-0.19256665821699337,0.2648395036153356
894,46.212981940656285,-0.24015126866245506,-0.048344891836585795
895,47.348154623686305,-0.20808695881446845,1.0413957348954883
896,44.74987899821385,-0.11147172382161205,-1.6668727229307916
897,46.654296842560065,-0.009984639597075198,0.122670588918894
898,45.03834760032737,0.036482294756812694,-1.5531428868506827
899,47.2296572440721,0.012201620289094946,0.6490402812677692
900,46.45774564347366,-0.04338837391175365,-0.08069832613484
901,46.88743593597156,-0.06630603759551934,0.3584827781308033
902,45.85348748865684,-0.017172651785432765,-0.7380357578210333
903,47.80338755878759,0.08816778784386348,1.0930773189423773
904,47.71522388318818,0.1896548720684049,0.8899701544693756
905,47.37499748972398,0.22739660178584975,0.49853577572765834
906,46.73793840590425,0.18604685135603363,-0.11064966413331724
907,47.27720295526586,0.10578991039349232,0.49538586880875407
908,46.13729334551845,0.05168549308706143,-0.6039151319253139
909,47.498425518811636,0.06447532919747391,0.7309215460533589
910,48.25563871969335,0.12990381056767045,1.4091907554497634
911,47.83437244907974,0.18965487206841322,0.9146480623092867
912,46.30594856457139,0.18566057906205496,-0.6233167411298377
913,47.17031606911829,0.10439887037312254,0.30876740925784524
914,45.65374150904438,-0.012201620289092129,-1.1047615739130026
915,47.17578333193975,-0.09749279121818123,0.48900665524130416
916,47.07343539334352,-0.10936990186946609,0.3849612117151966
917,45.152989487290114,-0.06101049646136805,-1.597428566238489
918,45.822498660768716,-0.009984639597069037,-0.9925395670273763
919,46.58275581009675,-0.013978932603422825,-0.24189229300718884
920,46.50869398134365,-0.08651543665591233,-0.25703163693301184
921,45.64653316438954,-0.186046851356028,-1.0332849093232288
922,46.965141349646316,-0.24667107552342196,0.33231377905372056
923,46.880620670105294,-0.22736143255204946,0.21483988458308717
924,46.59816842400341,-0.14265847744427312,-0.16596873949582022
925,46.22304759982507,-0.05172066232086468,-0.645690652577829
926,47.81608854492787,-0.013978932603427044,0.8959354381162631
927,48.31728926616082,-0.044779413932107395,1.414253665075614
928,46.443990895602326,-0.10439887037312136,-0.41311807555516467
929,46.323542218430205,-0.1286795448408471,-0.5229887556838518
930,47.33039028934898,-0.07818314824681165,0.41965039030558915
931,46.72795916650076,0.03118675362266354,-0.3058730136584335
932,47.03648095777563,0.1391936447081675,-0.11909034362639265
933,47.84768359453811,0.1856605790620541,0.6319032777138681
934,45.5675234542196,0.15486009773337586,-1.6312083132553241
935,48.270405916855104,0.08651543665590396,1.126257027567301
936,47.17866347305898,0.04516568622608978,0.06209270039961815
937,46.80463332780581,0.07099513605843719,-0.35154837939826633
938,47.171921330984674,0.14917828430523683,-0.0762348600895951
939,47.30152322349544,0.22084162569107818,-0.032097495499073675
940,45.87498028812413,0.22739660178584847,-1.479006444410558
941,48.57243239669632,0.1548600977333716,1.277161279857696
942,47.234326642746595,0.044779413932111795,0.035305470441802995
943,47.51006730917094,-0.03648229475681248,0.3784672553766469
944,47.94786799347115,-0.046996394624141416,0.8129315984547311
945,46.32338970918718,-3.0374335522037313e-15,-0.8724033724538228
946,47.6611579224802,0.046996394624139085,0.4044983033035739
947,47.03137336422182,0.03648229475681219,-0.22865214890994942
948,47.91607006007644,-0.04477941393210694,0.7234164109001088
949,45.27913168676887,-0.15486009773335413,-1.817340974250715
950,46.953187086197424,-0.2273966017858484,-0.08465861732517699
951,46.54331605475896,-0.22084162569107857,-0.5150040223249182
952,47.5132051855137,-0.14917828430524974,0.36929251866646223
953,47.63760484209227,-0.07099513605843856,0.4015699277096871
954,46.67127168393455,-0.04516568622609031,-0.6045416304799236
955,46.63999529623779,-0.0865154366559035,-0.6084270688574183
956,47.099502299872285,-0.15486009773335552,-0.09454405616704571
957,46.41120159918819,-0.1856605790620538,-0.7660227784550173
958,47.957006360653274,-0.13919364470817916,0.7193266948126052
959,47.04426226997056,-0.03118675362267639,-0.31542249171020525
960,44.99955355038215,0.07818314824678836,-2.4835091688336743
961,47.22735762551582,0.12867954484084432,-0.3202193968706807
962,46.6500714209413,0.10439887037312429,-0.8872526844651051
963,46.098104533734286,0.04477941393211701,-1.393637723629741
964,46.41782623022558,0.01397893260342531,-1.0571630051194099
965,47.62025853468738,0.051720662320863656,0.09347025940430824
966,48.76688270842326,0.14265847744427101,1.1350894568851218
967,47.99813416276477,0.2273614325520401,0.2675609440761787
968,47.2458194563907,0.24667107552342282,-0.518150268222955
969,48.10693201041352,0.18604685135602986,0.3894897961025761
970,47.23980559442703,0.08651543665591616,-0.39221176995950197
971,46.98018366188011,0.013978932603425587,-0.593413614140642
972,46.597529769455676,0.009984639597066872,-0.9861994801564481
973,46.1522622129429,0.06101049646136879,-1.4966290110422602
974,47.378275502257964,0.109369901869465,-0.33312109555503083
975,47.848704161708945,0.09749279121818086,0.13502885521648456
976,47.5600019066381,0.012201620289097551,-0.08254789916704068
977,47.18475439735738,-0.10439887037311733,-0.35537043893831466
978,46.66507514858594,-0.18566057906204916,-0.8079733510846081
979,48.00288861631249,-0.18965487206841528,0.5196391866735137
980,46.431948442203684,-0.1299038105676711,-1.1252571228218367
981,48.299828073237485,-0.06447532919747563,0.6629791020449601
982,46.80764574933599,-0.05168549308705846,-0.8562178336747769
983,46.98117047487751,-0.10578991039348029,-0.6428233174456651
984,46.30487185792965,-0.186046851356021,-1.2531094709608215
985,47.10252612863107,-0.22739660178584586,-0.4283597782704289
986,48.416124443818525,-0.18965487206840864,0.8332326278477328
987,48.13916626891872,-0.08816778784386857,0.440513338460509
988,48.65416653008972,0.017172651785432112,0.8358892788283353
989,48.327783163575305,0.0663060375955149,0.4460787944189498
990,46.930198906830945,0.04338837391175239,-0.942891381637549
991,47.549212627107636,-0.012201620289091965,-0.2826011010669223
992,47.155313668072715,-0.03648229475681527,-0.6665426704520396
993,49.019398192436356,0.00998463959707098,1.1367417838287839
994,46.976041477183955,0.11147172382161029,-1.022445002288097
995,48.87296174169454,0.2080869588144653,0.76350718967869
996,48.91875327750402,0.24015126866245576,0.7628717271782212
997,49.685757529023796,0.1925666582169956,1.563088049770478
998,47.70027012259445,0.1057899103934869,-0.3500049991193332
999,48.61259689988925,0.045165686226092794,0.6085537611478707
1000,49.97426963241394,0.051720662320858396,1.949269425471807
1001,47.57149723829796,0.11147172382160656,-0.5276659731619374
1002,46.857042828352235,0.16635093609067272,-1.31142138930475
1003,46.56891093231813,0.1585032876795562,-1.606137281766754
1004,48.71444838543631,0.07457512753441806,0.6088868357465206
1005,46.39322938768225,-0.043388373911750246,-1.6088200072224204
1006,47.61313840024973,-0.12867954484084299,-0.31808102129790344
1007,48.308783425893566,-0.1391936447081788,0.3736070557301997
1008,48.158882991321136,-0.0881677878438735,0.15819986489938562
1009,48.43352075426259,-0.03328857557480985,0.36346766526668295
1010,48.275338756674486,-0.03241101934948061,0.18990751023716282
1011,49.12564809227416,-0.09927010353250287,1.0925654778927507
1012,47.14071983098527,-0.19256665821700125,-0.8135865317497591
1013,47.336359052510026,-0.24667107552342374,-0.5783730468677061
1014,47.295000214834715,-0.2208416256910787,-0.6601013392354982
1015,48.76984183319605,-0.1299038105676601,0.7092526082312643
1016,48.940996093697905,-0.03328857557480469,0.7692319270581196
1017,48.61443982437258,0.009325003374311996,0.3854925211905123
1018,49.22766637085552,-0.017622122549613137,1.011086785093199
1019,47.16778751140066,-0.07457512753442158,-1.006428328792036
1020,49.59024649472565,-0.09749279121818132,1.4243492078905104
1021,49.53234162437051,-0.046996394624144885,1.301338979704134
1022,48.982087714474986,0.06101049646135942,0.6284593665748919
1023,49.99583063252543,0.16635093609067508,1.522233181936796
1024,47.11555693990381,0.20896451503979052,-1.4152926036041793
1025,48.06177706276128,0.17329218447942682,-0.4480485150675862
1026,47.8222744794611,0.0992701035325172,-0.6281872332131073
1027,49.033922113209215,0.05168549308705905,0.616376944277196
1028,47.55437252156323,0.07099513605843422,-0.8971602079544377
1029,49.18502996001598,0.1426584774442636,0.6471461205871951
1030,49.78889156170538,0.2080869588144682,1.1708816214700946
1031,49.227523337443436,0.20896451503979374,0.5939283706355265
1032,48.81331918237248,0.13155616175563617,0.24241524759041622
1033,47.62773337932498,0.017622122549630678,-0.8439636884204073
1034,47.679021010779934,-0.06630603759551645,-0.7234849199006318
1035,49.47295484285404,-0.07818314824680761,1.0675791488334176
1036,49.132945201813016,-0.031186753622675506,0.6658163882659098
1037,48.49691949141458,0.017172651785437698,-0.033335303354007854
1038,48.18015350954243,0.009325003374310789,-0.35703006353940425
1039,46.743865654316906,-0.06808334990985324,-1.7306958431161379
1040,47.46929410345689,-0.17329218447941627,-0.9148546879529906
1041,49.96506646958715,-0.24015126866245642,1.6329707829029092
1042,47.26577770746943,-0.22736143255204366,-1.093923645693637
1043,48.61458730010717,-0.14917828430524432,0.1618771174178786
1044,49.41293201499958,-0.06447532919747516,0.8606833450120942
1045,47.5270480834917,-0.03241101934948322,-1.0721102794452277
1046,48.73614381772012,-0.06808334990985335,0.1578025513311121
1047,49.331017088370395,-0.1315561617556239,0.8012835489036942
1048,48.528339817337496,-0.1585032876795514,0.010678467960253256
1049,51.03222446783605,-0.10936990186947032,2.4505449459032533
1050,47.28042003250343,-7.446719111707131e-15,-1.4255240289553315
1051,49.73471541331993,0.10936990186945936,0.9044969614242135
1052,48.74663754341069,0.15850328767955463,-0.14762863377363572
1053,49.541712987485965,0.13155616175562926,0.6594697458360353
1054,49.21072366582736,0.0680833499098594,0.3770191947226757
1055,48.186623257877805,0.03241101934948526,-0.6263527748780477
1056,49.05563114972361,0.06447532919746733,0.1956370639972246
1057,47.37241124091807,0.14917828430523364,-1.5872493939496464
1058,49.568185914036995,0.22736143255203733,0.5153686859779082
1059,49.335314228230395,0.24015126866245629,0.2547238682053028
1060,49.574346993093,0.1732921844794278,0.5456225704843527
1061,49.84249423467135,0.06808334990986269,0.9039756489546722
1062,49.19018945313014,-0.009325003374304738,0.31406637210901284
1063,49.00981444525866,-0.01717265178542947,0.1265163131490438
1064,48.193972454632274,0.031186753622665743,-0.7527176332960738
1065,48.40026174768156,0.07818314824680596,-0.6084671361925568
1066,50.02575963401743,0.06630603759552331,1.0138556085619457
1067,50.170133464019386,-0.017622122549617203,1.2270954955653874
1068,48.64075247489478,-0.13155616175562318,-0.2034234084078837
1069,48.82115057598532,-0.20896451503978836,0.03930124100114335
1070,48.02498497327831,-0.2080869588144673,-0.7728335738078842
1071,49.880262598285526,-0.14265847744427362,1.0019140630414425
1072,49.53360465153931,-0.07099513605844007,0.5684814172106782
1073,50.65798230729501,-0.05168549308705725,1.6584282213852695
1074,48.2167282421509,-0.09927010353251707,-0.7503722928340968
1075,48.58527822667521,-0.17329218447941996,-0.322941137794623
1076,49.085427551038954,-0.20896451503979135,0.19772975578674987
1077,49.49778337314232,-0.1663509360906818,0.5523113866872361
1078,48.88173289755319,-0.061010496461373916,-0.1842499916959519
1079,48.44337867435345,0.046996394624133936,-0.745791420056983
1080,50.007864069303565,0.09749279121818316,0.7530074133123008
1081,49.86322209823931,0.07457512753442008,0.6160830900340122
1082,48.42260111537912,0.01762212254961802,-0.7827947546501769
1083,50.35165548151826,-0.009325003374310095,1.157987019693058
1084,50.25124019596447,0.03328857557479521,0.9997285865593464
1085,49.478098955335106,0.12990381056766107,0.11473269139527845
1086,49.53755569631492,0.22084162569107088,0.06800234679883818
1087,49.98398665100192,0.2466710755234255,0.4733447302896199
1088,48.735633050013064,0.19256665821698998,-0.7361734256676604
1089,49.419445351031065,0.0992701035325135,0.02565660684894
1090,47.50338588463699,0.032411019349483094,-1.8388324494589836
1091,50.10717131687114,0.03328857557480666,0.7487769015419389
1092,48.094561208651015,0.08816778784387502,-1.3340207948661527
1093,50.779333400489406,0.13919364470817286,1.2844073132780212
1094,49.217710617998605,0.12867954484084984,-0.2820294470863836
1095,49.248954686347346,0.04338837391176413,-0.18083213646049742
